D = propeller diameter [m],AEdAO = expanded area ratio,PdD = pitch ratio,Z = propeller's number of blades,P_B = power brake,n = Propeller angular speed [rpm],fitness,t075dD,tmin075dD,tal07R,cavLim,Vtip,Vtipmax,penalty,valid
0.7858734530442663,1.0424478196394902,1.2540847296485234,4,157.5957219580796,0,-199.43090799047314,0.013499999999999998,0.011132359751835118,0.3043490594388059,0.24050489581992152,23.82462059025435,39.0,0.2654588938874984,False
0.7454237718518592,0.9580580084710917,1.1676801386251208,4,162.92976949122587,0,-222.96268074522501,0.013499999999999998,0.011516144355234187,0.2977120951924342,0.21755283387483226,26.278315621915127,39.0,0.3684588239550172,False
0.7271644327297851,0.8983697504881605,1.2175851416470913,4,170.21516754250553,0,-264.79184262610704,0.013499999999999998,0.011624289420587597,0.3376908569182841,0.21707657312193487,26.329906315316393,39.0,0.5556301265572243,False
0.5598737760018484,0.8493254995230313,1.2810457701024138,4,221.994888935265,0,-538.6553578622671,0.013499999999999998,0.013222938445713062,0.4127164595180743,0.17009195816056089,32.47306598114774,39.0,1.4264313491439984,False
0.6733290464419838,0.6978976982345846,1.1636134216647185,4,181.90117169982057,0,-380.6518256912489,0.013499999999999998,0.012089544377927464,0.3951690415550544,0.18883847870117287,29.739696776344434,39.0,1.0926298722221173,False
0.6313513398690519,0.7650550213197417,1.219210283759061,4,196.13788143493454,0,-427.20447868734635,0.013499999999999998,0.012476052990989316,0.4013939074881839,0.18428774641485143,30.363368219977485,39.0,1.178082456901954,False
0.6202588424202455,0.707666808663834,1.1996618911149,4,198.78457579563192,0,-469.7497104179104,0.013499999999999998,0.012589377452978926,0.4180976941235779,0.17692692709389365,31.431806109305963,39.0,1.3631094542307678,False
0.6458143248488953,0.8478967586653352,1.1970606318913846,4,189.1249322560409,0,-358.6836810649265,0.013499999999999998,0.012365524716410876,0.35872698229226674,0.18914776391000135,29.69983108261872,39.0,0.8965436063148656,False
0.5520249997751104,0.9871665570262687,1.282368323428078,4,220.01312926596256,0,-475.6865805202548,0.013499999999999998,0.013315910783533572,0.3719343245670963,0.17202594729481693,32.19221227553431,39.0,1.1620826998247986,False
0.781947825861201,0.8765952827288558,1.1438851598593307,4,156.41154338445736,0,-214.07605757057752,0.013499999999999998,0.011253414454031274,0.3040598829741257,0.22215691057184758,25.774386246787994,39.0,0.36867172932615083,False
0.7756981374945353,0.8677666081697086,1.2540196542789173,4,163.16760184109424,0,-247.6389856631607,0.013499999999999998,0.011215341600862011,0.35394552158533804,0.23321223750298312,24.564899798390524,39.0,0.5176970358633541,False
0.7449177368079244,0.7859807205587062,1.0424284639377621,4,158.69706668002584,0,-238.09924198898264,0.013499999999999998,0.01154240078415196,0.2950899470552604,0.1966823103393201,28.712670542473095,39.0,0.5003380148736588,False
0.5055357350179824,1.0043921567918508,1.347885257490694,4,242.77639130731174,0,-616.6850079195899,0.013499999999999998,0.013826631003554952,0.4058458706364637,0.16127313948830957,33.78045781865291,39.0,1.5401358204512414,False
0.7877456687862028,0.693890382842948,1.2097685609367452,4,160.65509589569368,0,-283.0440122011424,0.013499999999999998,0.011135531954597589,0.39779205280123864,0.22578580586227961,25.362848281368624,39.0,0.7618116040645886,False
0.7383632158805017,0.6396494355070405,1.2381256975786876,4,172.4066345502819,0,-362.51133903859113,0.013499999999999998,0.011457548960763135,0.4482670957224095,0.21319118336572201,26.750614610805876,39.0,1.102653067755729,False
0.5169779043024978,0.81578280998901,1.13103817233122,4,227.55707450446695,0,-602.4076040946344,0.013499999999999998,0.013925119894069984,0.36091395457163633,0.13792438203822444,37.692935100743966,39.0,1.6472813706471212,False
0.6093399890133586,0.8597346831238114,1.212322163507886,4,200.19353011426261,0,-409.8091221700491,0.013499999999999998,0.012730665870445895,0.36818389657447137,0.17985942722837456,30.9956993471966,39.0,1.047064767458499,False
0.6146191342820776,0.9096926638551188,1.2727336260291782,4,201.2778629665955,0,-402.7995156457175,0.013499999999999998,0.012609279304434699,0.37881512514630894,0.1892929258533063,29.68219160288579,39.0,1.0012112097621337,False
0.5802105665171692,0.8166653506248054,1.0054494508679626,4,195.75925283084388,0,-396.9322498923007,0.013499999999999998,0.01312076378199519,0.2941525453255755,0.14507030483627764,36.42779529684796,39.0,1.0276551128609537,False
0.7839873832882257,0.9062708308739872,1.1127423168405866,4,154.22110087985598,0,-199.11788773627904,0.013499999999999998,0.0112533107475015,0.2831748647582946,0.21932504347559745,26.089721171909392,39.0,0.29111961074249704,False
fitness at iteration,0,,,,,-199.11788773627904
0.7472431066612955,0.9617289518826134,1.3809548137127639,4,172.71588690417911,0,-275.0432198893411,0.013499999999999998,0.011244741060009408,0.3860419318995837,0.2424185358107176,23.638591707701803,39.0,0.592460455255816,False
0.7912169231498518,1.024508611914632,1.1115295906391536,4,151.3190232403731,0,-172.10776250475388,0.013499999999999998,0.011199673391797749,0.2538233032661089,0.22316421855064036,25.657689439536643,39.0,0.1373835147703636,False
0.7746365201887695,0.8524874529198824,1.1405311822205881,4,157.80664847259226,0,-223.75486192035336,0.013499999999999998,0.011305913054317333,0.31094178250716553,0.21929660051371638,26.093351327808573,39.0,0.41790516487152296,False
0.7880388681267546,0.7756325705148045,1.0592990115195224,4,152.00617577215647,0,-216.52575076805792,0.013499999999999998,0.01121796503975052,0.29885270088991545,0.20980163338686686,27.129569426911484,39.0,0.42445364254548745,False
0.6850293900734207,0.7636035458968415,1.251498194208731,4,184.16030900906364,0,-367.8885409383745,0.013499999999999998,0.011932229086460243,0.40730146963892017,0.2038899181725644,27.826102490685635,39.0,0.9976537991162281,False
0.7609249932164441,1.0262242885002884,1.2017137653572705,4,160.17695687884537,0,-205.73525029067466,0.013499999999999998,0.011366619484160435,0.29201392472743803,0.22734996439844105,25.193302842764528,39.0,0.2844247655815353,False
0.7865504281093558,0.8273951909728745,1.1755045458047884,4,157.78306721756644,0,-231.5745238242054,0.013499999999999998,0.011197924375587542,0.33140273589457053,0.2258009183835482,25.361260297096916,39.0,0.4676766519241776,False
0.7952741463110671,0.9752900822484318,1.258007986183601,4,157.72103022577176,0,-209.40073626685236,0.013499999999999998,0.011070388159103085,0.32092722752960534,0.24172299417785073,23.703650678460217,39.0,0.32766528323523536,False
0.7999918966999156,1.0381019012622537,1.1739235978308658,4,152.08176734571515,0,-177.29250747339125,0.013499999999999998,0.011103288334492338,0.2725196065893475,0.23376770962916882,24.505105421620407,39.0,0.16577095708236056,False
0.7999742596113767,0.8190552836844804,1.3113477380339453,4,162.5146014485501,0,-260.3832456617326,0.013499999999999998,0.010972008343399847,0.39127984423133233,0.24421190302971596,23.460033844843178,39.0,0.6022144677514797,False
0.7413524045086539,1.0495214512434712,1.1455559867473963,4,160.90117390531483,0,-200.5871347136759,0.013499999999999998,0.011553215544592075,0.26853854743047667,0.2154084686541258,26.50751962074454,39.0,0.24664805013613492,False
0.7751795253445639,0.9543726545686108,1.1125544588115226,4,155.10107847454788,0,-193.79938724529902,0.013499999999999998,0.011318496198175017,0.2723973623844367,0.21800442860003524,26.228795560631212,39.0,0.24950380198098712,False
0.6777213347932304,0.8018715968648041,1.260949252464526,4,185.89357739172135,0,-362.7613345634511,0.013499999999999998,0.011995215909234774,0.3982651309679543,0.20408715839329866,27.80281901461757,39.0,0.9514463041346927,False
0.737513850432504,0.8511048921273755,1.1299134500062158,4,164.2018659694789,0,-247.43596427729418,0.013499999999999998,0.01159412621653064,0.3130257550055579,0.20772814177819257,27.370811634411726,39.0,0.5069010502187987,False
0.7997423303549396,0.9776584632769179,1.0943622358094838,4,149.969204920497,0,-173.19660983363485,0.013499999999999998,0.011148466219815209,0.25646515737870773,0.22207060391562938,25.78315844102889,39.0,0.15488116327249585,False
0.6852778811852681,0.9740222582369921,1.270756397084619,4,180.48300987446643,0,-293.2653605629096,0.013499999999999998,0.011921395291936695,0.3463359157184305,0.21314398801314638,26.7593965149841,39.0,0.6248917876917506,False
0.6450771457365387,0.9178712846432407,1.1800679268911216,4,186.7895145346855,0,-326.27545637686666,0.013499999999999998,0.012390208648964993,0.3301899426896485,0.18903051974585477,29.715652656139557,39.0,0.7467546676249839,False
0.7777182475400743,0.6780961465446143,1.1496572361912993,4,159.05106224484385,0,-278.8239703452104,0.013499999999999998,0.011239207299623993,0.37842380911466583,0.21586633582438522,26.455688796463907,39.0,0.7530468920477104,False
0.7507762921835645,0.765986419756535,1.2471842732693823,4,169.21010566029435,0,-297.63969991167676,0.013499999999999998,0.011394370564384476,0.39178290270362404,0.2227311288851903,25.71022375204524,39.0,0.7589948233305713,False
0.7009002770202388,0.6147480662102822,0.9340829356540448,4,161.0778323145457,0,-306.27555997618197,0.013499999999999998,0.011814100196177674,0.3171083376816279,0.16677505592218278,32.94245415939991,39.0,0.901413469347542,False
fitness at iteration,1,,,,,-172.10776250475388
0.7826423852034996,0.9980216267424942,1.2672639216429724,4,159.81125858755556,0,-213.59826403169487,0.013499999999999998,0.011147173820190676,0.32101824821657,0.2401814008631168,23.856809406194877,39.0,0.33656580843877837,False
0.7603358014376773,1.049392794410359,0.8499577489741321,4,148.55581930107633,0,-148.55581930107633,0.013499999999999998,0.011395706839333749,0.16331712553994104,0.1735899101324695,31.934022593529,39.0,0,True
0.781514620989939,1.0318039315903411,1.154365649276818,4,154.4851804275837,0,-183.7234312900151,0.013499999999999998,0.011247405923953338,0.26949458077924354,0.22660647389182587,25.272914159703074,39.0,0.18926249612749804,False
0.7962269679582673,1.0167034521349283,1.1316667402834069,4,151.4175876751909,0,-174.9346571738859,0.013499999999999998,0.011156209709840518,0.26214243194519377,0.22690172041206294,25.239578610250888,39.0,0.15531266783315803,False
0.7379916129802236,1.0460670392823868,1.1131964485116324,4,160.2707976212172,0,-196.7753462606454,0.013499999999999998,0.011596290901802092,0.2577134278585798,0.20990402215266385,27.121230182382092,39.0,0.22776793515249572,False
0.7395052418957475,1.0263228066176275,1.1014727799794133,4,159.86677440035768,0,-197.46944628631783,0.013499999999999998,0.011590904224629271,0.2572954701457662,0.20830056321921825,27.30466076774984,39.0,0.23521255136974867,False
0.7995642504417377,1.047098602996524,0.9374316140604728,4,144.21101741896376,0,-144.21101741896376,0.013499999999999998,0.011149769367177945,0.18805398086697847,0.19790712841546793,28.552505244537468,39.0,0,True
0.7589864823334683,0.9773414721538226,1.0539614730437166,4,155.13083688885183,0,-186.56535208706794,0.013499999999999998,0.011453604855842157,0.2474044358312215,0.2057191045988008,27.603284040607257,39.0,0.2026322801361429,False
0.7562449268685507,1.0139339355506958,1.25704844023009,4,163.779885120714,0,-223.7149424808453,0.013499999999999998,0.01135059451567353,0.3175813926588048,0.23249874786789826,24.641414670943746,39.0,0.36594883013842733,False
0.7731557093895458,0.8975270644930436,1.164272233291066,4,158.66072172460574,0,-219.09807162453424,0.013499999999999998,0.01130781018423927,0.30789114548824614,0.222960571919112,25.682293421380695,39.0,0.3809219398663283,False
0.7992991596035395,0.8176502052555453,1.0568185426495076,4,149.85964019976498,0,-198.89048684833043,0.013499999999999998,0.011147203894458979,0.28306095189465696,0.21328024822969235,26.7366424368192,39.0,0.3271784623478786,False
0.7801190388205358,0.8488179366694483,1.2945972318984356,4,164.76700719355748,0,-260.8249437703162,0.013499999999999998,0.011135729359641636,0.37713514838010415,0.23824189821663794,24.049451459925706,39.0,0.5829925433064167,False
0.7510733037787327,1.0038005919635655,1.0660096894739723,4,156.68173275462362,0,-188.19159380214248,0.013499999999999998,0.011511741789510992,0.2472721169679532,0.20587010804093528,27.586017415983406,39.0,0.20110743284200122,False
0.7764656902730217,0.8810488773511926,0.6824764469556556,4,143.36720756236912,0,-143.36720756236912,0.013499999999999998,0.011108514850650661,0.13441951777931493,0.1424157306999083,36.87503867791002,39.0,0,True
0.797646110684037,0.7765935144279509,1.2995414746387615,4,162.99122134870288,0,-272.47720651780526,0.013499999999999998,0.010996815565277828,0.40258895728573574,0.24082185327753258,23.792549602616628,39.0,0.6717293377099643,False
0.7919608512834877,0.8307600605428567,1.1560953045585907,4,155.82037658639322,0,-222.5245434399749,0.013499999999999998,0.011171011092253923,0.3211999048935715,0.22491671869683286,25.45928507915233,39.0,0.4280837225200655,False
0.7668688201262915,0.8339421849260091,1.0008684022573957,4,152.57565809944472,0,-201.4858830991169,0.013499999999999998,0.011381502063254985,0.2607357155625967,0.1974427328609564,28.613697141376022,39.0,0.32056374921741315,False
0.7998055130699694,0.9172978061115985,1.34015833149313,4,161.95230714659482,0,-239.57974113681882,0.013499999999999998,0.010936971625976726,0.37102164343481114,0.2508050591860105,22.848741543385238,39.0,0.47932280408921735,False
0.799817225324605,0.9470287569250325,0.9122319124026159,4,143.75635754431403,0,-147.21857879217313,0.013499999999999998,0.011134286258393756,0.19752608657522236,0.19288075566958568,29.20050222232227,39.0,0.024083952230021136,False
0.7979295636725765,0.8485176240939339,0.9721976510752817,4,146.2568447230623,0,-175.74059220298545,0.013499999999999998,0.011154654969779349,0.2414474254637928,0.20094013666491561,28.17493364206383,39.0,0.20158883870187896,False
fitness at iteration,2,,,,,-143.36720756236912
0.7851138144286413,0.8640523536718668,1.2159536820767045,4,159.59791754241482,0,-232.75985261131046,0.013499999999999998,0.011182704780072893,0.3371489872340433,0.23117507448306748,24.77947100706738,39.0,0.45841409584465354,False
0.799700847255725,0.9984899405431324,0.7563033675126462,4,141.6418222728062,0,-141.6418222728062,0.013499999999999998,0.011045633072294662,0.1378440207287995,0.16336303127895882,33.445012876808256,39.0,0,True
0.7672162777928966,0.9385502381928686,1.1619687769365332,4,158.97195987548818,0,-212.440209999776,0.013499999999999998,0.011353807532846285,0.29689307134314824,0.22216920904438564,25.77398683277764,39.0,0.3363376168109508,False
0.7791004596128231,1.0435368946487604,0.7740587087705958,4,145.13008810410736,0,-145.13008810410736,0.013499999999999998,0.011209370799303559,0.13867603318688648,0.16244492863626425,33.58571435843496,39.0,0,True
0.7852368760717178,1.045043797365114,0.8830694297247912,4,145.2089633870134,0,-145.2089633870134,0.013499999999999998,0.011231093421209691,0.1721751742347789,0.1850445978314283,30.248854422253057,39.0,0,True
0.799773097877723,0.969469788165027,0.5221068367018349,4,155.90153441618085,0,-179.3964837820992,0.013499999999999998,0.010902422020290431,0.07491595700870136,0.10189744277521144,44.87744712521389,39.0,0.1507037724413818,False
0.7606733665034404,0.9971954687962388,1.2805479513012896,4,164.4351645304694,0,-230.36221972190694,0.013499999999999998,0.011292173669680607,0.3305882896561613,0.23597766971980524,24.28078510567472,39.0,0.4009303933236339,False
0.7981091856155101,1.0290601772095025,1.1608849931485046,4,152.04890291935777,0,-177.35204904874817,0.013499999999999998,0.011125909712671342,0.269955664001249,0.23144058818837987,24.75046648883887,39.0,0.1664145261397278,False
0.7503955797655998,1.0172655550892813,1.3692483402720836,4,169.8449330699103,0,-253.9547358981687,0.013499999999999998,0.011234949627009317,0.36452249846486273,0.2437926551567316,23.50429738818436,39.0,0.4952152608146265,False
0.782094980301377,1.0436002849853505,0.5147943908282586,4,165.97781565067112,0,-199.51551993610357,0.013499999999999998,0.011081180644626695,0.06671605514111276,0.09381440076166207,46.880393304396264,39.0,0.2020613667793914,False
0.6883880395338573,1.0125360045350966,1.387596918765168,4,184.47879361418055,0,-312.58284105939197,0.013499999999999998,0.011702460239798597,0.38623531625323076,0.2279466939135322,25.13393168569578,39.0,0.6944106958609486,False
0.6536986394713237,1.043969025361323,0.5604897729171379,4,178.30544190168465,0,-241.3797402159905,0.013499999999999998,0.012030408906629163,0.0847527094551349,0.07967915614039192,50.31265950576226,39.0,0.3537429796959545,False
0.7736836664256357,1.0265940766860693,0.8671308494511758,4,146.68779798755438,0,-146.68779798755438,0.013499999999999998,0.011305239436443073,0.17111935400609127,0.1795257153690993,31.03507039216441,39.0,0,True
0.7845229190426996,0.7210845944669665,0.8088011187590076,4,141.7885384846504,0,-177.85022436217963,0.013499999999999998,0.011128182910274915,0.21312092146739411,0.16990759547104475,32.48675321857341,39.0,0.25433428021005494,False
0.7656436009562042,1.046352995814303,0.6162385205390735,4,152.66330966238215,0,-159.93990706056772,0.013499999999999998,0.011188884381848658,0.09357177498298701,0.12070602126895322,40.85890964342931,39.0,0.04766434983152069,False
0.7945868627124827,1.0397760498479391,0.7406094776984431,4,143.082883037665,0,-143.082883037665,0.013499999999999998,0.011076879602547912,0.12785207559161696,0.15849796634138252,34.20043498066317,39.0,0,True
0.7721830538299398,0.915535163268409,1.023884553517333,4,152.23381494352745,0,-185.66688327737063,0.013499999999999998,0.011354306522749323,0.24830382529170061,0.20359171179039162,27.856530675212053,39.0,0.2196165703805392,False
0.7450469116455746,0.9842964050938198,0.7080227917336283,4,149.96284458793897,0,-149.96284458793897,0.013499999999999998,0.011388976320241636,0.12939502987320062,0.14041890033902152,37.22875415207414,39.0,0,True
0.799970392679204,1.0312911335746011,0.5017358904187004,4,166.01874106343664,0,-200.12032146539073,0.013499999999999998,0.010972125424339202,0.06388274877110799,0.09321693602458278,47.010912666588794,39.0,0.20540801709202036,False
0.7995669293045974,0.8586809164253949,1.004825094834434,4,147.30985558229628,0,-179.17939761434778,0.013499999999999998,0.011150588218506804,0.2511856776439925,0.20650881960055673,27.508009727278708,39.0,0.21634358343557814,False
fitness at iteration,3,,,,,-141.6418222728062
0.7978140401046907,0.6434271306911813,0.8112734539981736,4,139.19856034915415,0,-190.75293264979524,0.013499999999999998,0.011014558794564536,0.23651349980583358,0.17259152044888534,32.08876688862975,39.0,0.3703657004161995,False
0.7396600102491989,1.0436662049777852,0.799516493577443,4,151.38167918306854,0,-151.38167918306854,0.013499999999999998,0.01151899423252758,0.15001196976970096,0.15859952425081303,34.18713054562965,39.0,0,True
0.7999387466830276,0.9030572770043602,0.5379422399892492,4,149.05676911748526,0,-165.59645247754864,0.013499999999999998,0.010853691421693443,0.08651936761880978,0.10873662389629124,43.32753007368656,39.0,0.11096230958170668,False
0.7610124129830306,0.7470920119559394,0.8845894833142981,4,148.4348483376072,0,-200.29777594144886,0.013499999999999998,0.011359836271899291,0.23909379931498956,0.17718545137594127,31.384590666642097,39.0,0.3493985959811956,False
0.6457249448570654,0.8593572967989025,0.6986271787593363,4,166.2906625806079,0,-239.6204780865346,0.013499999999999998,0.012177818374986927,0.15451396425620073,0.11380482526322466,42.24728076102903,39.0,0.44097374060543393,False
0.7337007627033738,1.0104562859767123,0.5808828616765442,4,159.30504333344695,0,-180.6463087878466,0.013499999999999998,0.011380245060568683,0.08965511002898481,0.10470517555087022,44.22462651090996,39.0,0.13396478233102455,False
0.7967056037912206,1.007289181278092,0.7578463208039314,4,142.18151816726478,0,-142.18151816726478,0.013499999999999998,0.011068911609889723,0.1373091691902334,0.16299955754882328,33.500371667272205,39.0,0,True
0.7995641904670722,0.9188119800484659,0.9100880974151684,4,143.72273271291147,0,-151.36270667568428,0.013499999999999998,0.011131795496557712,0.20241541451116052,0.19219857490454187,29.288312426591872,39.0,0.053157728207365675,False
0.7901671572792596,1.0454067825424216,1.2002197997803181,4,154.58806724833278,0,-185.79204945725354,0.013499999999999998,0.011151701048998888,0.2823135067272403,0.23489863796945928,24.388921277138714,39.0,0.20185246354619454,False
0.7569615301972877,0.795366178641466,1.0883795339871907,4,158.83278548895797,0,-238.6302600490717,0.013499999999999998,0.011446730791535615,0.30968991304470783,0.2061302347682518,27.55508256825104,39.0,0.5023992641976378,False
0.7907063941054349,0.962551382969766,0.9997451329105336,4,147.94686674492118,0,-163.28481260237774,0.013499999999999998,0.011221536288896494,0.22645690832690804,0.2051849740691684,27.66438756939,39.0,0.10367198843015084,False
0.7217496439294635,0.7742205387832951,1.025901261050427,4,162.32091415786954,0,-254.79652662885027,0.013499999999999998,0.011724630908197914,0.29531697898863163,0.18813491153119705,29.831046326035782,39.0,0.5697085489614795,False
0.7851278186464525,1.0113087632396303,0.8004365468587801,4,143.98676474281294,0,-143.98676474281294,0.013499999999999998,0.011180635295028902,0.15098361914172223,0.16959345679493268,32.53114709956562,39.0,0,True
0.7997885197424578,0.8834858103264923,0.9705482985232546,4,145.8307998807822,0,-167.82896484681115,0.013499999999999998,0.011146415492474094,0.23207256130495268,0.2016536732880061,28.08805681291956,39.0,0.15084718032139033,False
0.7653145938328909,1.0319626141128062,1.1177758992467788,4,155.7842042440903,0,-184.90142017682265,0.013499999999999998,0.01138509600078383,0.2583512587696932,0.21766758321492152,26.26486847023079,39.0,0.1869073701921029,False
0.7787962291790248,0.9303758957648528,0.730763992122429,4,143.68963746904055,0,-143.68963746904055,0.013499999999999998,0.011152293370958188,0.14184559219743645,0.15354848759158565,35.012241452150406,39.0,0,True
0.7917209396529746,1.0111928409071071,1.007306803778111,4,147.6530989198047,0,-156.16048128550247,0.013499999999999998,0.01121524417413191,0.21922662623618075,0.2072834974831174,27.418527904713578,39.0,0.05761736413211616,False
0.7496844101587945,1.0247462148375486,0.6297734422307324,4,153.19933767747705,0,-160.00931646487712,0.013499999999999998,0.011300822152993308,0.10072731591166362,0.1213667658158178,40.733618282787454,39.0,0.04445175084070394,False
0.7740454245744116,0.8235046567683815,0.5570484146015294,4,146.74255531525733,0,-161.27943414967027,0.013499999999999998,0.010987189135406155,0.10420986199848328,0.11090172672258983,42.86348917888277,39.0,0.09906382509955829,False
0.6577981216819595,0.9839916108866253,0.7420722619783386,4,165.90497358534512,0,-197.48443450013636,0.013499999999999998,0.012149043594858874,0.1474369106002287,0.12617431332911686,39.85133263347316,39.0,0.1903466799839251,False
fitness at iteration,4,,,,,-141.6418222728062
0.7658010883045776,0.9385255375659777,0.8514373692161408,4,147.362052130685,0,-153.432030845817,0.013499999999999998,0.0113437271915702,0.18185372329284563,0.174659343973417,31.76817640522891,39.0,0.041190921457506455,False
0.7765373705807835,1.0495270551846065,0.8144805169501674,4,145.65649013225274,0,-145.65649013225274,0.013499999999999998,0.011255983789515768,0.1505364679994047,0.17050999352487622,32.402496685287666,39.0,0,True
0.7839714622801599,0.9892868577935229,0.78011812193375,4,143.82870568506675,0,-143.82870568506675,0.013499999999999998,0.011170303516043008,0.147989643832304,0.16501916800230032,33.19688545075613,39.0,0,True
0.7877570755096649,1.0343362353096777,0.6399234789471898,4,147.31732962843932,0,-147.31732962843932,0.013499999999999998,0.011047481093218816,0.10008267367182151,0.13269243454571433,38.6760525326894,39.0,0,True
0.7897054130203516,1.0498189257432617,0.792404194015221,4,143.62649540527883,0,-143.62649540527883,0.013499999999999998,0.011148946970775593,0.1425030268759647,0.16885106392578253,32.63660032195259,39.0,0,True
0.7677139961774011,0.7682479769127956,0.9637478109713167,4,150.81615308434124,0,-208.71259923969322,0.013499999999999998,0.01135240681890889,0.2643710274443788,0.19103504767494273,29.44179180586371,39.0,0.3838875675536853,False
0.7943818471645764,1.0337992045826674,0.5233300095450344,4,161.43048535476908,0,-188.5754668418443,0.013499999999999998,0.01098827728962953,0.06916798447926098,0.09910101245016917,45.55795759809167,39.0,0.16815275892542741,False
0.7735896372680293,0.8993686717605004,0.5005317992975716,4,158.2799855374473,0,-191.18588863488318,0.013499999999999998,0.011020971035740864,0.07815404883742288,0.09278363032831059,47.10797534787731,39.0,0.20789680379172581,False
0.7931910296954361,1.0391979295572404,1.117615399845326,4,150.9924172525193,0,-169.79761309349166,0.013499999999999998,0.011181809431218005,0.25266336493263153,0.22468073329939967,25.485649638994268,39.0,0.12454397500983513,False
0.7670407997974279,1.011230805391882,0.8616508492823372,4,147.6029208249172,0,-147.6029208249172,0.013499999999999998,0.011349529624855774,0.1724970724824197,0.17703396506365698,31.407220539477283,39.0,0,True
0.7991005703260455,0.6575589904971004,0.6146607609771954,4,136.24666114504709,0,-156.33756615929892,0.013499999999999998,0.010817649006105759,0.1533126851162736,0.1336105068758089,38.49515170414382,39.0,0.147459797145878,False
0.7875493086503279,0.8854451085027238,0.769278410002758,4,142.0626837334934,0,-142.0626837334934,0.013499999999999998,0.01111525915523245,0.16135329307224267,0.16363534891311327,33.404351266318386,39.0,0,True
0.7967915687288256,0.9959622067864738,0.8739386809108092,4,143.26614682637464,0,-143.26614682637464,0.013499999999999998,0.011142183890532197,0.17603351102726258,0.1857789255178346,30.14685162380137,39.0,0,True
0.7876725371736679,0.9332419364731349,0.97189932220882,4,147.5837968540678,0,-164.83367109166326,0.013499999999999998,0.011237011965634716,0.22299639717416922,0.1996597828694851,28.3332347339824,39.0,0.116881897642546,False
0.798172416485098,0.9553393677306511,0.8755290780201673,4,143.02363779554426,0,-143.02363779554426,0.013499999999999998,0.011129169434887714,0.1835555412156566,0.18615475211622803,30.095297947688756,39.0,0,True
0.7975201112213016,0.9585726167512592,0.843818273560729,4,142.44639190955883,0,-142.44639190955883,0.013499999999999998,0.011115988554325256,0.1723823732225608,0.18033208837564907,30.916103096164512,39.0,0,True
0.7993371838188816,1.0012881433328038,0.6152182258193835,4,146.21868661151876,0,-147.56961537959683,0.013499999999999998,0.010942654061400946,0.09631109229284338,0.12893481536717685,39.360324820144385,39.0,0.00923909795242012,False
0.7997014293755468,1.046381754192625,0.9929287168164411,4,145.6722861441098,0,-145.6722861441098,0.013499999999999998,0.011157694362813188,0.2067124536975635,0.20728741673694961,27.417550913488302,39.0,0,True
0.7945299727486267,0.9961140811473049,0.9041021893044787,4,144.29200144015917,0,-144.29200144015917,0.013499999999999998,0.011171815113040945,0.18628749090397634,0.1906266467848008,29.493887814401905,39.0,0,True
0.7717456044070372,0.8396447139380462,0.53692743927412,4,149.61758650609997,0,-169.813159241199,0.013499999999999998,0.0109986602008155,0.09601854140590048,0.10452525496822283,44.264269763078616,39.0,0.13498127597637477,False
fitness at iteration,5,,,,,-141.6418222728062
0.7960187674374838,0.9505767076856504,1.139894686479917,4,152.84696844025115,0,-189.2259026889377,0.013499999999999998,0.011157289306991617,0.2805994511679459,0.22665382935190578,25.26669506852361,39.0,0.23800887004773874,False
0.7981412167390639,0.8225640498778043,0.6904441979882068,4,139.09251768789926,0,-139.09251768789926,0.013499999999999998,0.010951832375677215,0.1453233517575879,0.14943173370693005,35.695924912849236,39.0,0,True
0.7768062813959268,1.045192559478506,1.0161236199483534,4,149.97895687221373,0,-158.9655342730747,0.013499999999999998,0.011321360929333583,0.2177497355634379,0.20543999268988922,27.635080325654503,39.0,0.05991892188260634,False
0.7928833431530323,0.9093484704991317,0.6417007573145747,4,142.59780539841543,0,-142.59780539841543,0.013499999999999998,0.010967452887378866,0.11615199793850009,0.13601682234147283,38.034209390429865,39.0,0,True
0.7852477633964161,1.0138846545346847,0.7986003110215317,4,143.9913907201145,0,-143.9913907201145,0.013499999999999998,0.011179079373158578,0.14999950070287238,0.16921975153791646,32.584224768876226,39.0,0,True
0.7743141844630265,1.0325098693829355,0.975348862858292,4,149.23242388670351,0,-155.36428615891504,0.013499999999999998,0.01133746801461182,0.20630943035908483,0.19816688329311147,28.52117395596269,39.0,0.0410893431367622,False
0.7932636059628161,0.9938440144032806,0.7643431625890394,4,142.48706630530475,0,-142.48706630530475,0.013499999999999998,0.011094689879385639,0.14154740188598114,0.16371328170457342,33.39224720116074,39.0,0,True
0.7980037893903917,0.9538349768759027,0.5518312615033599,4,150.43247087271118,0,-165.21075458389635,0.013499999999999998,0.010900360016922812,0.08450793228912332,0.11104443192724373,42.83130757204609,39.0,0.09823865569348957,False
0.7993423969476487,1.048783056591217,0.7877690823887346,4,142.23753380723568,0,-142.23753380723568,0.013499999999999998,0.011079647364387043,0.14040312243453093,0.17006014152144908,32.46442207183836,39.0,0,True
0.7984378117236856,1.039575122290538,0.8477486630594501,4,142.70283304363844,0,-142.70283304363844,0.013499999999999998,0.01112116538601176,0.16040192600558856,0.18147133416152805,30.752121867819476,39.0,0,True
0.777726091696982,1.0324200991329537,1.0088669827835102,4,149.73958484032585,0,-159.36012746044457,0.013499999999999998,0.011315387998994654,0.21749135132844946,0.20436143703742377,27.763449986111798,39.0,0.0642484926773209,False
0.7849855973443709,1.0487109567859705,0.5954868182540883,4,152.037424751858,0,-160.75390542836573,0.013499999999999998,0.011050566667946944,0.08663985901657176,0.11875629729988603,41.235914919886504,39.0,0.05733115179196164,False
0.7814075772681461,0.9924672249350932,0.5173991575914825,4,161.04733379423874,0,-190.95213084253513,0.013499999999999998,0.011038740743943395,0.07226356045934666,0.09641085188993988,46.241890054346754,39.0,0.1856894885729937,False
0.7861482685727076,1.0492389030037115,0.7167651967059407,4,144.8530655162334,0,-144.8530655162334,0.013499999999999998,0.011118588103244356,0.12027188013760967,0.1512703719664781,35.4020114163019,39.0,0,True
0.798615208477731,1.0317274585455927,0.778923509437607,4,142.16277568946288,0,-142.16277568946288,0.013499999999999998,0.011075786381298478,0.14014866025861394,0.16799104905424656,32.75983288020612,39.0,0,True
0.7681915133862754,0.9745716311965782,0.5173157845165935,4,161.48445190859394,0,-193.44856649164532,0.013499999999999998,0.011110247890629785,0.07468420968680363,0.09455623828180507,46.7196315435038,39.0,0.19793927034625133,False
0.7822660606105849,0.918335560020397,1.0716025611088777,4,152.55200771159002,0,-189.17270593358094,0.013499999999999998,0.011277247288398622,0.26437842324902955,0.21319914552802588,26.746786949580233,39.0,0.2400538594760735,False
0.7945763605869739,0.8432490014482789,0.9673229856752288,4,146.5882173996981,0,-177.51966340405804,0.013499999999999998,0.011175947840549375,0.24136035641867085,0.19930515707343296,28.376916845840814,39.0,0.2110090875859417,False
0.7811269607390219,0.8916947141283547,0.8581305968380974,4,144.94370101863976,0,-155.22715071272955,0.013499999999999998,0.011229361847095075,0.19160492565733775,0.17891153017149594,31.125080630995278,39.0,0.0709478895724302,False
0.7993618395420281,1.0447623655501774,1.060985752304642,4,147.89953041269112,0,-156.26655924978598,0.013499999999999998,0.011155623637182234,0.23050527414477698,0.21816325877609566,26.21049309823972,39.0,0.056572382709721626,False
fitness at iteration,6,,,,,-139.09251768789926
0.7894044709366913,1.0299339542935562,0.6569878039658534,4,146.00401186878366,0,-146.00401186878366,0.013499999999999998,0.01104641674329325,0.10525147300554186,0.13736556802100353,37.782877877193705,39.0,0,True
0.798759601536747,1.0386576356574813,0.7554675050103944,4,142.33300303865295,0,-142.33300303865295,0.013499999999999998,0.01105940533778102,0.1320935803703249,0.16275937289201967,33.536734724028875,39.0,0,True
0.7932203954365523,0.8540347299909793,0.547721692421203,4,146.28561071542083,0,-160.27000637795112,0.013499999999999998,0.010871376138331817,0.09592197007683224,0.1115192184356889,42.72826437386017,39.0,0.09559652240667105,False
0.7960097859858466,1.0300041599691594,0.8871473415497313,4,143.68029756850032,0,-143.68029756850032,0.013499999999999998,0.011156477727318679,0.17479215497882422,0.18814398726139323,29.825360198003505,39.0,0,True
0.7966146447937285,1.0417798230649953,0.8389706840242658,4,142.86156953485354,0,-142.86156953485354,0.013499999999999998,0.011128959234155958,0.15748163749878283,0.1794406416349394,31.046223868919775,39.0,0,True
0.79302017097765,0.6428078961123067,0.8461504467841255,4,141.1506348032356,0,-201.21448128820603,0.013499999999999998,0.011072596739858298,0.2524112664271686,0.17706484274684145,31.401046894936524,39.0,0.4255301194266653,False
0.7924554032476294,0.9917030664538524,0.7640318568418525,4,142.57252635210006,0,-142.57252635210006,0.013499999999999998,0.01109951657413563,0.14183672658630397,0.1634739430204917,33.428557295080864,39.0,0,True
0.7990406699163158,1.0499344770398331,0.5000995162298347,4,168.53778837682793,0,-204.78576849000189,0.013499999999999998,0.010999070403299614,0.061886220045157855,0.09153567307617937,47.38785911473458,39.0,0.21507331063422003,False
0.7905929828003531,1.0422576128208727,0.7142420804000569,4,144.14471379703383,0,-144.14471379703383,0.013499999999999998,0.011084674312552403,0.12008180131762348,0.15168446893671544,35.330008183027765,39.0,0,True
0.799850350614677,1.0243690331409427,0.6685181469237971,4,143.8900225093311,0,-143.8900225093311,0.013499999999999998,0.010983542642673946,0.10847413053333967,0.14251385183896448,36.85684313692509,39.0,0,True
0.7995404259318819,0.9832789571689827,0.6496761637829547,4,143.55613703530514,0,-143.55613703530514,0.013499999999999998,0.010957246276707047,0.10816187009438014,0.13830626481867786,37.60977376451209,39.0,0,True
0.795237840553586,1.0494549802737811,0.6804750791236255,4,144.69785562060454,0,-144.69785562060454,0.013499999999999998,0.011030555644827569,0.10918638711702651,0.1442167919584717,36.562765895818536,39.0,0,True
0.7999385899048552,1.0052347921873668,0.7623446131474485,4,141.68431041112038,0,-141.68431041112038,0.013499999999999998,0.01104999639217639,0.1387126759586528,0.16472205815816682,33.24028668002903,39.0,0,True
0.7999895668790418,1.0180045322684868,0.5426101333054976,4,155.6347521487559,0,-174.7283663951257,0.013499999999999998,0.010931880548233696,0.07524667697051961,0.10664666929628226,43.78460591434415,39.0,0.12268220293190123,False
0.7964728749635424,1.0498909061324657,0.7434097684594505,4,142.9396197877001,0,-142.9396197877001,0.013499999999999998,0.011068268819379898,0.12721557047853974,0.15946732324749896,34.04673342539919,39.0,0,True
0.7985951555889064,0.8254889773521229,0.5410042933353689,4,144.88086065403488,0,-158.83541926677094,0.013499999999999998,0.010818915915950347,0.09757938277425122,0.11138853844772922,42.756381508502244,39.0,0.09631747457698062,False
0.7999678790056267,0.8328938707008579,0.5155832191212686,4,147.96583207232322,0,-168.2423914013653,0.013499999999999998,0.010805881296119105,0.08910454134919056,0.10417173297928498,44.34438121799712,39.0,0.13703541584607995,False
0.7997151358354451,0.968672004006519,0.9028737665139291,4,143.49928518281982,0,-143.49928518281982,0.013499999999999998,0.011133031395493497,0.19023885099752028,0.19140437436580754,29.391490287672973,39.0,0,True
0.7998839621113082,0.8313950497312294,0.8679590936123248,4,142.14281719943824,0,-158.9566812006398,0.013499999999999998,0.011092714995137282,0.20608160664532968,0.18428303812268906,30.354114170629057,39.0,0.11828852370085144,False
0.7974408411409353,1.0291894099967887,0.9885171495153455,4,146.03478495117997,0,-148.00456548676328,0.013499999999999998,0.011173694522675963,0.20860303908151115,0.20582675846682272,27.588099966410702,39.0,0.013488433842949243,False
fitness at iteration,7,,,,,-139.09251768789926
0.7964208829655831,0.7024512220238678,0.7016440523310852,4,137.43573188661165,0,-158.5638186917314,0.013499999999999998,0.01094035699161336,0.17514902307817512,0.15181101448352854,35.307827418031906,39.0,0.15373066752793976,False
0.7987600292642806,1.0265933169454984,0.7110451801146678,4,142.76006242872998,0,-142.76006242872998,0.013499999999999998,0.01102324406245489,0.12053217133989377,0.15278741597179882,35.140185247940074,39.0,0,True
0.7999265244806028,1.0352395216049533,0.6955867199008776,4,143.18596663443762,0,-143.18596663443762,0.013499999999999998,0.01100621052960335,0.11487629341687959,0.14922577679859,35.72906391187758,39.0,0,True
0.7987023457904678,1.0244698488274235,0.7773323092591393,4,142.0744463824871,0,-142.0744463824871,0.013499999999999998,0.011072889934856835,0.14067549947445412,0.16768365535274193,32.80438524855798,39.0,0,True
0.7913083324297142,1.042219965161,0.6973337240116517,4,144.48241465997603,0,-144.48241465997603,0.013499999999999998,0.01106705375856631,0.11513627469106814,0.14768973144698075,35.980225224234395,39.0,0,True
0.7976453491369927,1.0133294823180818,0.8816715955788779,4,143.32589432490707,0,-143.32589432490707,0.013499999999999998,0.011141572976785702,0.17557121507254397,0.18744569265890937,29.919677923883487,39.0,0,True
0.7945535453779256,0.9724292821134228,0.6891950511565358,4,142.66686357342252,0,-142.66686357342252,0.013499999999999998,0.011018705120062509,0.1215322822316582,0.14716284708911312,36.06702892118324,39.0,0,True
0.7977140361236994,0.9857891751782162,0.699053458110834,4,142.31433696334392,0,-142.31433696334392,0.013499999999999998,0.011009699221462041,0.12242977228951826,0.15014383932051298,35.58173250484152,39.0,0,True
0.7973459092788501,1.0497435545762765,0.8474004719473176,4,142.88403131543478,0,-142.88403131543478,0.013499999999999998,0.011129264038059836,0.15886975492599018,0.1811869018154294,30.792874964362856,39.0,0,True
0.7767815029012136,1.0083527724671082,0.7151303264611566,4,145.45334789120108,0,-145.45334789120108,0.013499999999999998,0.011171992994170061,0.1257982248649647,0.1491207376060454,35.747210473361484,39.0,0,True
0.791994896345119,1.042833802227765,0.6375623833708681,4,147.19935727762018,0,-147.19935727762018,0.013499999999999998,0.011021512329501633,0.09820359836477557,0.132778755598918,38.65878983984435,39.0,0,True
0.7980356252911107,1.0130746077557677,0.6865741543814999,4,143.18668211642617,0,-143.18668211642617,0.013499999999999998,0.011005323479018106,0.11517759336844674,0.1468223187720776,36.12329512136144,39.0,0,True
0.7719786193566935,1.0317522808266775,0.718485323628831,4,146.5381575304884,0,-146.5381575304884,0.013499999999999998,0.011214179202966341,0.12407922934512601,0.1486237941046587,35.8281146338568,39.0,0,True
0.7999299310407976,0.9911262174556383,0.5483244568508989,4,152.91245788991037,0,-169.4301066579365,0.013499999999999998,0.010912271429261865,0.07944847870885051,0.10927054507394254,43.21279149418162,39.0,0.10802029472260571,False
0.7999964402632116,1.0251484083627804,0.755383845069151,4,141.96830329698372,0,-141.96830329698372,0.013499999999999998,0.011048295754947618,0.13380115521795563,0.16309195886737599,33.48619410200137,39.0,0,True
0.7894634435675018,0.9884306427560391,0.8315893720582905,4,143.5534083233162,0,-143.5534083233162,0.013499999999999998,0.011168049066384049,0.16414193352296894,0.1764858854094724,31.48947637307164,39.0,0,True
0.7910851512221062,0.9114993014602389,0.7751876810347689,4,141.90096706316334,0,-141.90096706316334,0.013499999999999998,0.011101471654256631,0.15838169101732003,0.1656857313251453,33.09781577681706,39.0,0,True
0.7996043579150929,0.8225210606190522,0.8091633785703272,4,140.46371153070712,0,-150.62369400752948,0.013499999999999998,0.011051318329063349,0.18660437453874193,0.17401739618912554,31.865335077949947,39.0,0.07233172444401256,False
0.7982386215920806,1.023985046371526,0.9415414674119367,4,144.60992233670345,0,-144.60992233670345,0.013499999999999998,0.011159713095839343,0.1935399353573536,0.19812679116275028,28.524739954153215,39.0,0,True
0.7755298256155505,1.0469946859517743,0.7266029983942218,4,146.1508652628925,0,-146.1508652628925,0.013499999999999998,0.011199231409377666,0.12424577277824203,0.1512549837518015,35.40521487546446,39.0,0,True
fitness at iteration,8,,,,,-139.09251768789926
0.7973091595571861,1.0499985953973245,0.7343777886766054,4,142.95683424580832,0,-142.95683424580832,0.013499999999999998,0.01105607713203156,0.12448067259570135,0.15759767948784417,34.34478793502219,39.0,0,True
0.7952443052018066,1.023275021646599,0.7214892409365579,4,142.97569591804418,0,-142.97569591804418,0.013499999999999998,0.011053947378011127,0.12430432701585832,0.15445832234683438,34.859030518418464,39.0,0,True
0.7840041153843731,0.8889179571915505,0.6957596026106693,4,142.32031784685705,0,-142.32031784685705,0.013499999999999998,0.01107189096707576,0.13680964416413816,0.14709863849849766,36.07817703097269,39.0,0,True
0.7984042690183759,0.9837543421125421,0.6472812709282912,4,143.82202448832228,0,-143.82202448832228,0.013499999999999998,0.010962916731620516,0.10749542104109035,0.13747019486588224,37.76314398764888,39.0,0,True
0.7964985246219305,1.044738522014371,0.6515524717137497,4,145.78694094680912,0,-145.78694094680912,0.013499999999999998,0.01100120006803502,0.10156194261366035,0.13719824311909876,37.81347456211275,39.0,0,True
0.7614323729357443,0.9998515415676559,0.717341904943885,4,147.55691949201204,0,-147.55691949201204,0.013499999999999998,0.011280811402334584,0.12881794550444475,0.14619441375695144,36.229866457655326,39.0,0,True
0.7991200659629912,1.02960050514936,0.6597121013244099,4,144.53679632128694,0,-144.53679632128694,0.013499999999999998,0.010983938854210592,0.10541448319423724,0.14004794649238025,37.2926753502099,39.0,0,True
0.7986180416455168,0.9884943410412409,0.8617554443617086,4,142.7393692570718,0,-142.7393692570718,0.013499999999999998,0.011122467034912842,0.17308781994596756,0.1839491362232575,30.401065947696416,39.0,0,True
0.7994209433020267,0.9237731921899258,0.6857154507329772,4,140.97511895109056,0,-140.97511895109056,0.013499999999999998,0.010968577975982415,0.1270240781393857,0.14786363438032232,35.951172905432706,39.0,0,True
0.7999998897635163,1.0139123910102237,0.6896307936959697,4,142.85294688999917,0,-142.85294688999917,0.013499999999999998,0.010994993749774378,0.11581564733731088,0.1480005591929705,35.9286358431985,39.0,0,True
0.7836814768049415,0.9690630109737521,0.8011539057619627,4,143.8682009903549,0,-143.8682009903549,0.013499999999999998,0.011184732567492797,0.15793978750225354,0.1694051849840146,32.55793898685368,39.0,0,True
0.7908236489754711,0.9091275589491783,0.7662696104188114,4,141.8252528647308,0,-141.8252528647308,0.013499999999999998,0.01109537154971012,0.15585228457981376,0.16375093434320206,33.38668374848136,39.0,0,True
0.7930095055172803,0.9782528940114387,0.8578200867936541,4,143.45155193770134,0,-143.45155193770134,0.013499999999999998,0.011157914121857052,0.17410907744115578,0.1819657946327104,30.68207815600113,39.0,0,True
0.794604381926159,1.0364968948155966,0.8284792047511154,4,143.02395713789562,0,-143.02395713789562,0.013499999999999998,0.011136291867757714,0.15515963380372513,0.17705298404069417,31.402755992633082,39.0,0,True
0.7876722812273931,1.0484593745989474,0.7788340094712938,4,143.90398641414572,0,-143.90398641414572,0.013499999999999998,0.011153426993519164,0.13873598979562327,0.16542372122226584,33.13668870962535,39.0,0,True
0.7982432562951849,0.8836342262499822,0.7147187746529202,4,140.14500260180898,0,-140.14500260180898,0.013499999999999998,0.010992146590792793,0.14262116129176075,0.1544812124504516,34.855067443934196,39.0,0,True
0.7855447722811117,1.0351466673849068,0.7126154789964577,4,144.75229718296887,0,-144.75229718296887,0.013499999999999998,0.011116030706697255,0.1208833233573994,0.15026014415829783,35.56372306679552,39.0,0,True
0.7937955150748812,0.984559511970267,0.736270397668145,4,142.346238191871,0,-142.346238191871,0.013499999999999998,0.011066422228951885,0.13418207198350085,0.15771780212926909,34.32558871953985,39.0,0,True
0.7860480558489865,1.0222306052427044,0.6022579890334503,4,149.96987918866031,0,-156.42136195801442,0.013499999999999998,0.01103258207524154,0.0912108610248037,0.1216533554867424,40.67772241576784,39.0,0.04301852348122664,False
0.7980157042217828,1.048956309222062,0.8354097556999084,4,142.66477455074417,0,-142.66477455074417,0.013499999999999998,0.011118153732014684,0.15516064028099236,0.1790717266733872,31.100440043880578,39.0,0,True
fitness at iteration,9,,,,,-139.09251768789926
0.7999413040382107,1.0389068243346915,0.8113760077449571,4,142.12783755800245,0,-142.12783755800245,0.013499999999999998,0.011089380156881358,0.14898621361423842,0.17493250402924632,31.724360648908757,39.0,0,True
0.7988134863398185,1.0255321269972295,0.7796737577841576,4,142.07064311713782,0,-142.07064311713782,0.013499999999999998,0.011073976962192983,0.1412328292966534,0.16822182441082242,32.7264871381991,39.0,0,True
0.777691009094503,0.9126378465479575,0.8025431988932167,4,144.32390618489842,0,-144.72394556710228,0.013499999999999998,0.011217993795044828,0.1686438449877307,0.16817768730182034,32.734015455745855,39.0,0.0027718164840366756,False
0.798143874905846,1.0035321940435864,0.7294107916003016,4,142.11853810844784,0,-142.11853810844784,0.013499999999999998,0.011036063298646903,0.12908398847904098,0.15700224246336553,34.44130335163628,39.0,0,True
0.7970797818874985,0.6475998783109798,0.6535902529391229,4,136.15189748574463,0,-164.1772296342817,0.013499999999999998,0.010869578705155945,0.17086418935165304,0.14169738181361966,36.99960573590625,39.0,0.20583871885789445,False
0.7977121447946847,0.9506577652107155,0.667790478633476,4,142.24393380693598,0,-142.24393380693598,0.013499999999999998,0.010972602898417231,0.11787532767052399,0.1428466671024363,36.799046502765016,39.0,0,True
0.7999615054917293,1.0292119864959495,0.720768522220058,4,142.44832400737658,0,-142.44832400737658,0.013499999999999998,0.01102326698101127,0.12295755885388633,0.1552338113914586,34.73044581136439,39.0,0,True
0.7998587389168617,0.8186321584349031,0.712792922745064,4,138.84832645150942,0,-138.84832645150942,0.013499999999999998,0.010961807644209733,0.15347160376060848,0.15464845919538658,34.82719618705201,39.0,0,True
0.7838071626909218,0.9360386108837918,0.7819507356997363,4,143.3223661121181,0,-143.3223661121181,0.013499999999999998,0.011162899637194726,0.15709599592191653,0.16541514773775298,33.138166598212194,39.0,0,True
0.7999057206647474,0.9789077820084023,0.8105935795285191,4,141.69861657121066,0,-141.69861657121066,0.013499999999999998,0.011080844796777883,0.15787248836754086,0.17478046463050428,31.74765508077859,39.0,0,True
0.7994459023016259,0.7932607183192587,0.6925891878380125,4,138.39067504484558,0,-139.4469439724345,0.013499999999999998,0.010936872130007713,0.15150396698844845,0.15035636971469257,35.547631858406895,39.0,0.007632515176666559,False
0.7915642745210593,0.8046618963617175,0.7259642170742486,4,139.90213288029295,0,-145.2129027984503,0.013499999999999998,0.011026759774540042,0.1615416836641737,0.1556337326653363,34.665236576276335,39.0,0.037960607238929585,False
0.7969934850717342,0.9533370364626251,0.7263764489870638,4,141.4563584170805,0,-141.4563584170805,0.013499999999999998,0.01102910492989537,0.13542100244742905,0.15640362546347047,34.539246703693294,39.0,0,True
0.7999320304681953,0.8757562676594203,0.640142803504574,4,140.76270607101532,0,-140.76270607101532,0.013499999999999998,0.010907804736952987,0.12009373350252917,0.1374965902006449,37.7582053894408,39.0,0,True
0.798055856815556,1.0215443486349238,0.749842445260116,4,142.2317188366182,0,-142.2317188366182,0.013499999999999998,0.011056581099997829,0.13277832473358592,0.16144254544170888,33.73883255268365,39.0,0,True
0.7990462403803772,1.0452715327833724,0.7145554560076727,4,143.01884486089415,0,-143.01884486089415,0.013499999999999998,0.011028774909407055,0.1191702167306746,0.15347169683627024,35.024150869919126,39.0,0,True
0.7849017824270842,0.8958793361202447,0.7891553721983804,4,142.85565197517568,0,-142.85565197517568,0.013499999999999998,0.011152812439587639,0.16644377804320726,0.16712276751635463,32.886901718845,39.0,0,True
0.7999514789997144,0.8718947911158287,0.7147381814862128,4,139.70223124443467,0,-139.70223124443467,0.013499999999999998,0.010977483127424054,0.14447514646421752,0.15490144050711016,34.785282384508534,39.0,0,True
0.7999191473819085,0.931066230916488,0.6768874301732591,4,141.24531870117733,0,-141.24531870117733,0.013499999999999998,0.01095973592515726,0.12320807006288728,0.14575425977469575,36.30168930402153,39.0,0,True
0.7971957233405444,0.9613080691886788,0.8233863115654602,4,142.137907091083,0,-142.137907091083,0.013499999999999998,0.011105283840199045,0.16519215755902686,0.17656801854046542,31.47647415104755,39.0,0,True
fitness at iteration,10,,,,,-138.84832645150942
0.7974090863746697,1.0396402871598767,0.7545288351616999,4,142.53212848719323,0,-142.53212848719323,0.013499999999999998,0.011067883295393616,0.1317965546388558,0.1622502719813757,33.614503913327205,39.0,0,True
0.7995595511849076,0.9507809881728294,0.7183656957208145,4,141.10028074035847,0,-141.10028074035847,0.013499999999999998,0.011004199258397587,0.1331098793934961,0.1551957378171203,34.73673531195399,39.0,0,True
0.7922659917888608,0.9921020816392496,0.7247254387649993,4,142.78846378000114,0,-142.78846378000114,0.013499999999999998,0.011069091731909394,0.1297154448235559,0.15479033044303475,34.804068111901906,39.0,0,True
0.7999990013752215,0.9222475430386331,0.6903993755233294,4,140.79957430166843,0,-140.79957430166843,0.013499999999999998,0.010968633135505548,0.128650965775543,0.14913241165023738,35.74415378854092,39.0,0,True
0.7986195031341837,0.8339177863223178,0.6872683238962981,4,139.24747081491307,0,-139.24747081491307,0.013499999999999998,0.010948792518427744,0.14216943147859235,0.14873726400548762,35.80831161656723,39.0,0,True
0.7995919712002301,0.8281889620190429,0.732006151818369,4,139.17190699599894,0,-139.17190699599894,0.013499999999999998,0.010984844337461701,0.1582432380966945,0.15859346454185885,34.18494857848002,39.0,0,True
0.7995622984717711,0.8129021391107224,0.6984656630152781,4,138.73806030503258,0,-138.73806030503258,0.013499999999999998,0.010947841921446856,0.1497065270112227,0.15160301542426838,35.343658510641966,39.0,0,True
0.7943525793963063,0.6317953990206702,0.7206218460819579,4,137.08549499089284,0,-179.2927821350783,0.013499999999999998,0.010952843571165263,0.20260450157541868,0.1549094060290977,34.784254953156626,39.0,0.30789024868743015,False
0.7998836175802587,0.695113428329463,0.7244486673410079,4,137.19869444675618,0,-161.94454739198795,0.013499999999999998,0.01093857028974806,0.18538610481185885,0.15705827678897755,34.43209155129681,39.0,0.18036507595803045,False
0.7891617704471181,0.8967804901884665,0.7723050663200497,4,141.98472789815608,0,-141.98472789815608,0.013499999999999998,0.011109130421678829,0.16018777337248263,0.16463846813678462,33.253355273072465,39.0,0,True
0.791834680914778,0.8386852551130083,0.7059201482908591,4,140.27167107954833,0,-140.27167107954833,0.013499999999999998,0.011014361640406424,0.1481143149160014,0.15146138225485234,35.368621183817815,39.0,0,True
0.7957934859880432,0.800119327664944,0.6686078371678539,4,139.0701971515081,0,-139.0701971515081,0.013499999999999998,0.010938489852146483,0.14232575125224053,0.14402382452974605,36.59584728747087,39.0,0,True
0.7986840154171518,1.0393806537288384,0.8566421929079496,4,142.78782562777627,0,-142.78782562777627,0.013499999999999998,0.011124163528583645,0.1632256977378918,0.18318571375138898,30.509038907855334,39.0,0,True
0.7991518783266234,1.0059231484189248,0.8054543686132042,4,141.9595455279371,0,-141.9595455279371,0.013499999999999998,0.011086525985451156,0.15209246877608015,0.17366020866995865,31.920878363229463,39.0,0,True
0.7998210238026074,0.9182160719496609,0.7713917821982168,4,140.69595471865006,0,-140.69595471865006,0.013499999999999998,0.011040302255380838,0.15515550221320878,0.1668696277676827,32.92318237607342,39.0,0,True
0.7999883860943534,0.9469514817403645,0.6057407971693806,4,144.67485697168445,0,-146.97402530267775,0.013499999999999998,0.010907953936128291,0.10012014472644634,0.1274452576610617,39.61978678801312,39.0,0.015891968923413404,False
0.7814860145937724,0.9060171805497793,0.8085100782565219,4,143.80883021275895,0,-144.8477477348559,0.013499999999999998,0.01119446338435648,0.1715078959621859,0.17027775906962436,32.434798403899904,39.0,0.007224295758194458,False
0.7937267834156814,0.5458199745260413,0.6064884245955543,4,135.1946170604046,0,-188.0950395325825,0.013499999999999998,0.010816773638663063,0.18288800469169877,0.13145202457586694,38.92137110866641,39.0,0.3912908932501515,False
0.7956819184688165,1.037891909959051,0.8316462796445436,4,142.9058819215104,0,-142.9058819215104,0.013499999999999998,0.011130866441459848,0.1558455553503179,0.1778699186560146,31.27940339589738,39.0,0,True
0.7985960939002552,1.0454523388438572,0.7575032910092523,4,142.42544147837194,0,-142.42544147837194,0.013499999999999998,0.011063169142937838,0.13181217969820697,0.16314601681061022,33.47808646543108,39.0,0,True
fitness at iteration,11,,,,,-138.73806030503258
0.7999933556910059,0.9554830595499436,0.7540518438231394,4,141.02735359809532,0,-141.02735359809532,0.013499999999999998,0.011032849309692878,0.14351899880257374,0.1630998478234593,33.48499972239382,39.0,0,True
0.7999998268818315,0.8662638089446763,0.7186787740379906,4,139.60323190428704,0,-139.60323190428704,0.013499999999999998,0.010979321527333333,0.14674336441651628,0.1557832311355903,34.640352615005575,39.0,0,True
0.795429052645231,0.9628378630068801,0.7242293756599455,4,141.85579190382992,0,-141.85579190382992,0.013499999999999998,0.011040242908134986,0.13347647364386878,0.15553746877451988,34.680803793532085,39.0,0,True
0.7989984597870864,1.0136754160855626,0.7716883873825504,4,141.91496339319517,0,-141.91496339319517,0.013499999999999998,0.01106495921090331,0.14045240602767653,0.1665448620491951,32.97100095347717,39.0,0,True
0.7958456885241014,1.0479817944819236,0.699275955989968,4,143.9241624285626,0,-143.9241624285626,0.013499999999999998,0.011039630651952606,0.1146665973474388,0.14910605390583767,35.748627357555414,39.0,0,True
0.7999424979756387,0.905895957295514,0.7165152353605219,4,140.27714314071116,0,-140.27714314071116,0.013499999999999998,0.01098828823277846,0.13941080513824863,0.15512587091708366,34.74822743355128,39.0,0,True
0.7998308139427682,1.0019741820842298,0.7288154129684085,4,141.8656306668139,0,-141.8656306668139,0.013499999999999998,0.011023927454924835,0.1289843966826649,0.15723646520052287,34.403137208010314,39.0,0,True
0.7997649792186231,0.7275741588854238,0.7413050608131022,4,137.9345058777459,0,-157.79372890914215,0.013499999999999998,0.010965198425416557,0.18355888921140345,0.16045697669912862,33.89181205205718,39.0,0.14397574345173544,False
0.7999866187555549,0.42237665399452795,0.5676255879011962,4,133.70996623041128,0,-236.67644200985498,0.013499999999999998,0.010724501661926223,0.21623632710642013,0.12429565214085388,40.184815897297284,39.0,0.7700733062934899,False
0.7912982203000427,0.9951022284997711,0.7180965005465783,4,143.05971643948038,0,-143.05971643948038,0.013499999999999998,0.011070917698080156,0.12737275554911062,0.1530927482356106,35.088659495359956,39.0,0,True
0.7999673619721198,1.0472759142154857,0.7866082839613485,4,142.13353924726272,0,-142.13353924726272,0.013499999999999998,0.011074390383638623,0.14020624117095318,0.16995110128419977,32.479758875130145,39.0,0,True
0.7998623908422894,1.0317330517317713,0.7460841683873363,4,142.14798247472908,0,-142.14798247472908,0.013499999999999998,0.011043513110959498,0.13013472748592425,0.1609382140998955,33.81707519018584,39.0,0,True
0.7997567752342958,1.0181762533358554,0.7703794943541152,4,141.85940238364603,0,-141.85940238364603,0.013499999999999998,0.011059648260433238,0.13934755921148997,0.16641130351893216,32.990665342146265,39.0,0,True
0.7999885247827007,0.9778499997414077,0.7226565793102454,4,141.48738447807787,0,-141.48738447807787,0.013499999999999998,0.011011939336343616,0.13047116345364376,0.15606296513721096,34.59474687914951,39.0,0,True
0.7917118730359176,1.0185754514009502,0.7475261102303434,4,143.10051836339014,0,-143.10051836339014,0.013499999999999998,0.011097276895917234,0.133001076366518,0.15955348603321762,34.03342984211926,39.0,0,True
0.7913826651883532,0.8826756093777924,0.7082170361630948,4,141.09562745708996,0,-141.09562745708996,0.013499999999999998,0.01103184605025013,0.14125251536535455,0.15166094329775628,35.33404071113076,39.0,0,True
0.7979225924960122,0.6761176693310053,0.6154434248290417,4,136.7510298545668,0,-153.0253753815075,0.013499999999999998,0.010831159172273617,0.14928540882318017,0.13340881110687336,38.53462096907232,39.0,0.11900711493177255,False
0.7921135491487018,0.8052173630765233,0.7332337693659237,4,139.90196887548973,0,-145.85727873549007,0.013499999999999998,0.011030165825621455,0.16393733054275184,0.15724381747664093,34.40234768286981,39.0,0.042567734449115935,False
0.7997746215484135,0.9522967140485102,0.7062319167888057,4,141.2262072919833,0,-141.2262072919833,0.013499999999999998,0.010992687912941864,0.12912918257210002,0.15253726274264523,35.18282971082469,39.0,0,True
0.7996844289389768,1.0472928525593461,0.8580649147377788,4,142.67952282594064,0,-142.67952282594064,0.013499999999999998,0.011118578563633125,0.16237096853085292,0.1836836255585283,30.438429395079407,39.0,0,True
fitness at iteration,12,,,,,-138.73806030503258
0.7977266652581126,0.9301286093452473,0.7959493613270108,4,141.4028980178354,0,-141.4028980178354,0.013499999999999998,0.01107641162809801,0.1614093465808776,0.1715850261643945,32.24920478426946,39.0,0,True
0.7987042989226811,0.9382151107316402,0.7626408924726248,4,141.01819760349454,0,-141.01819760349454,0.013499999999999998,0.011044869089719161,0.14910111859695063,0.16471793317046365,33.24096933603259,39.0,0,True
0.7975382636024644,0.9178010762670713,0.7272332290723389,4,140.7939638984819,0,-140.7939638984819,0.013499999999999998,0.011017275248455806,0.14112892625663578,0.1568840787833673,34.46059205252036,39.0,0,True
0.7997431278623031,0.9068263556992248,0.7226689530427217,4,140.31734648055053,0,-140.31734648055053,0.013499999999999998,0.010995610893031072,0.14124225789387893,0.15641563122590907,34.537132210150986,39.0,0,True
0.7992852272639628,0.7097035741847456,0.6447854571537426,4,136.94898198746074,0,-148.8932630730819,0.013499999999999998,0.01086323576443516,0.15216116163863908,0.13995472833591488,37.30944092436695,39.0,0.08721701258586065,False
0.7999823493733415,0.9945805578482908,0.7706264946266975,4,141.54374090165084,0,-141.54374090165084,0.013499999999999998,0.01105387252673071,0.142817725949023,0.1666010171440642,32.962672163344855,39.0,0,True
0.7997787569437584,1.0060632661744129,0.7738621747473452,4,141.72148867559275,0,-141.72148867559275,0.013499999999999998,0.011059945121546786,0.14215070239090347,0.1672218103357124,32.87160671608486,39.0,0,True
0.7997400568861478,0.9098436138747715,0.6970300669784242,4,140.4983084698403,0,-140.4983084698403,0.013499999999999998,0.01097275662168091,0.13263042930264982,0.150776235318438,35.480702533456665,39.0,0,True
0.7999046011900461,0.7313300885559596,0.6578518163736213,4,137.2280779327358,0,-146.01798709673147,0.013499999999999998,0.010879579038964247,0.15203532593226318,0.14288318836870553,36.792581968113154,39.0,0.06405328484090689,False
0.7988901884564757,1.0432510600246523,0.7593295287036558,4,142.3470766451836,0,-142.3470766451836,0.013499999999999998,0.011062166502274196,0.13262377859507873,0.163629565383218,33.404616303423744,39.0,0,True
0.7977010402437308,0.8181889766892988,0.7505691603577904,4,139.5196387091028,0,-143.66518214929312,0.013499999999999998,0.01101239510276041,0.16684806661729437,0.1620335673925971,33.64772147573631,39.0,0.029712974306317856,False
0.7968617496570749,0.6662184440815484,0.7119034740020048,4,137.02357191154948,0,-167.96906430545073,0.013499999999999998,0.010937593602269126,0.1886297007761651,0.15387783146755418,34.955933720791,39.0,0.22584064889125038,False
0.7999645681719405,0.9967241898137476,0.7059823504365723,4,142.0881502483893,0,-142.0881502483893,0.013499999999999998,0.01100327979318517,0.12285868076605302,0.15215905738205682,35.24766323526715,39.0,0,True
0.7916975547497287,0.9297766532956736,0.7586550619440504,4,141.88847143209057,0,-141.88847143209057,0.013499999999999998,0.011087431894578304,0.1498102702247191,0.1623117706069132,33.60539605709109,39.0,0,True
0.799333303267925,0.8183619135112782,0.6891702038530052,4,138.8605898298081,0,-138.8605898298081,0.013499999999999998,0.010941514924138314,0.14556204900051795,0.14942241001645562,35.69736710675553,39.0,0,True
0.7957265254783029,0.8062858484807686,0.7214304830487238,4,139.28292043847136,0,-142.5501479085894,0.013499999999999998,0.010994435611458199,0.1592510617475184,0.1556010519003129,34.670371202663205,39.0,0.023457488253639306,False
0.7995561840331704,0.9021226591752719,0.7790393860606588,4,140.6465073837292,0,-140.6465073837292,0.013499999999999998,0.011044980538969228,0.16050173516619134,0.16842487597453645,32.69719812487212,39.0,0,True
0.7991620852983441,0.9534782560909617,0.6879417735816118,4,141.62759099938464,0,-141.62759099938464,0.013499999999999998,0.010981211154153576,0.12343643835066853,0.14806014318911861,35.91889620489299,39.0,0,True
0.799077962562951,1.0046408614286813,0.7310769648122248,4,141.98137276968797,0,-141.98137276968797,0.013499999999999998,0.011031278327044602,0.12936375448465412,0.15756827759265674,34.34944453636618,39.0,0,True
0.7996854762777538,0.8009182849758624,0.6658625571413985,4,138.58054680440668,0,-138.58054680440668,0.013499999999999998,0.010910300674196953,0.14092269233589214,0.14422220334550456,36.56161913188752,39.0,0,True
fitness at iteration,13,,,,,-138.58054680440668
0.7993886846992606,0.7995016511911509,0.7188751901151256,4,138.6530042432221,0,-141.77726167943877,0.013499999999999998,0.010965593019221419,0.15937798033019662,0.1558658667915556,34.62689353415294,39.0,0.022532922768381956,False
0.7980326602071651,0.8645612122499576,0.6972960376996054,4,139.8701121175504,0,-139.8701121175504,0.013499999999999998,0.010971513961943138,0.1401871800120454,0.1507636083109691,35.482796141050834,39.0,0,True
0.7920886709966175,0.8442076757608229,0.6914120078966861,4,140.33986876886317,0,-140.33986876886317,0.013499999999999998,0.010999673863750475,0.1422689337084335,0.14817961580158182,35.89966115788788,39.0,0,True
0.7999540948992251,0.8437403655467922,0.6664699634698781,4,139.43485171926525,0,-139.43485171926525,0.013499999999999998,0.010922267422390183,0.13353853145327693,0.14409306654098092,36.58376564972684,39.0,0,True
0.7984740760063982,0.7213686243196519,0.7313589570481024,4,137.85323131609695,0,-158.15680544740695,0.013499999999999998,0.010962298337110004,0.18147256036678727,0.15817579756367828,34.25173320697726,39.0,0.14728399136871875,False
0.799044414064015,0.7435136627422677,0.6084297510900426,4,138.25585892057862,0,-139.33772806615977,0.013499999999999998,0.01083720161833764,0.1324586852881496,0.13143022754977277,38.92547721598724,39.0,0.007825123318662476,False
0.7970460595201873,0.8550511281250149,0.705593250131563,4,139.82374986451356,0,-139.82374986451356,0.013499999999999998,0.010983566808620138,0.1446307452003762,0.15240910325671675,35.20490283836808,39.0,0,True
0.7982596830779765,0.8742811021488893,0.736407086843185,4,140.05497220062412,0,-140.05497220062412,0.013499999999999998,0.011009815192510139,0.15135354922833727,0.15914933975138262,34.096802552044295,39.0,0,True
0.7998898727353808,0.8062655267445612,0.6794574134750702,4,138.5805606972121,0,-138.5805606972121,0.013499999999999998,0.010924413489778415,0.14448976968992946,0.14737231358067815,36.03217372387987,39.0,0,True
0.7990258872820954,0.8724160892552325,0.7068891035736099,4,139.84418180511247,0,-139.84418180511247,0.013499999999999998,0.010976311320074745,0.14190073497925823,0.15301946709832145,35.100700850709046,39.0,0,True
0.7991828860886023,0.9973437003010608,0.762653214794298,4,141.6914869913886,0,-141.6914869913886,0.013499999999999998,0.011053815867343011,0.14000810134845104,0.16465268763375845,33.25068812021787,39.0,0,True
0.7999433473596819,0.7198899004048341,0.6861875651421948,4,137.07114703409536,0,-151.3880771049705,0.013499999999999998,0.010905857449717508,0.16484871250018784,0.14925879594749586,35.72372963452926,39.0,0.10444889665447914,False
0.7999665195931518,0.7408237835031376,0.6401261113834776,4,137.53128937762347,0,-142.4436294218052,0.013499999999999998,0.010863335574645496,0.14379204447828997,0.13883320271756933,37.51297305554578,39.0,0.03571798146015905,False
0.7994002416618757,1.0177821020537254,0.7305969476447429,4,142.1781246290163,0,-142.1781246290163,0.013499999999999998,0.011031975740741357,0.12740888473929696,0.15743041956676704,34.37172174937815,39.0,0,True
0.7976423170714627,0.661357223468807,0.6727370496348698,4,136.39125371983096,0,-163.15548271524526,0.013499999999999998,0.01089031746746285,0.17454286365099747,0.14591063447593608,36.27557781528006,39.0,0.19623127044782665,False
0.7999640042139177,0.8741901546906164,0.6984186465261661,4,139.78661406417817,0,-139.78661406417817,0.013499999999999998,0.01096260675410834,0.1387679544348726,0.15138185378415323,35.382023418447346,39.0,0,True
0.7999906410645707,0.857525114654245,0.7076776299754294,4,139.44691295166075,0,-139.44691295166075,0.013499999999999998,0.010966476234234471,0.14463983270057815,0.1534600446439218,35.02606853425148,39.0,0,True
0.798211393900541,0.8309361926338109,0.6604104115265633,4,139.4712345842419,0,-139.4712345842419,0.013499999999999998,0.010923728307003715,0.13388777091645168,0.14240767464247225,36.87537947750617,39.0,0,True
0.7993966142881429,0.7008698902040295,0.6247357092273091,4,136.94591612179815,0,-148.40313745718112,0.013499999999999998,0.010838705705644458,0.14690482231787555,0.1355632759505244,38.119589229943934,39.0,0.08366238044800868,False
0.7999895461144952,0.8872090246107204,0.7049266557331703,4,139.9894323624769,0,-139.9894323624769,0.013499999999999998,0.010972229256427962,0.13871760378606657,0.1527164916563919,35.15221222202663,39.0,0,True
fitness at iteration,14,,,,,-138.58054680440668
0.79932491767569,0.948957843320757,0.7510965368334596,4,141.01703759489067,0,-141.01703759489067,0.013499999999999998,0.011033329918163984,0.14365942086175873,0.1623334665910806,33.60166836195238,39.0,0,True
0.7951182078893158,0.8802108708561417,0.7281060742476105,4,140.54366161290676,0,-140.54366161290676,0.013499999999999998,0.011024786264746284,0.1478540536896671,0.1566961114815101,34.49141653429899,39.0,0,True
0.7991759124265982,0.8040346903621262,0.6896526911880855,4,138.628222085903,0,-138.628222085903,0.013499999999999998,0.010938968414604308,0.1484259274626066,0.14956790145146034,35.67395335145991,39.0,0,True
0.7997310770815105,0.8949878242141486,0.6345337006186251,4,141.50527320334797,0,-141.50527320334797,0.013499999999999998,0.010910898532337938,0.11555435849298551,0.13585645364856572,38.06411867995442,39.0,0,True
0.7979055939448972,0.8055211738339342,0.7251071420601837,4,139.00383095801212,0,-142.23932099194033,0.013499999999999998,0.010983256913846677,0.16048069842128362,0.1568302753402474,34.46935166562991,39.0,0.023276265205277046,False
0.7999149992009273,0.6207315279567687,0.5821101217784048,4,135.987961828119,0,-164.79362908721816,0.013499999999999998,0.010768959683263187,0.15025402662803095,0.12622320886224797,39.83622298794986,39.0,0.2118251268116502,False
0.7947845850300588,0.8688647749361499,0.6589546826160283,4,140.83159352072963,0,-140.83159352072963,0.013499999999999998,0.010957069582812872,0.12743094839146976,0.14098854216676496,37.12487033636204,39.0,0,True
0.7999954325488909,0.7311395101705201,0.6389522479475335,4,137.32403112416551,0,-143.99734326410845,0.013499999999999998,0.01085877984125985,0.14539191636888896,0.1386539751085802,37.54580715277181,39.0,0.04859537027360556,False
0.7988612328864647,0.7177635400397956,0.6273629668924324,4,137.34030497639537,0,-145.74494478295978,0.013499999999999998,0.010850031799219692,0.14422303267988257,0.13590615662431937,38.05478205158014,39.0,0.06119572697911871,False
0.7999970620152689,0.7839163800890393,0.6584139694778752,4,138.23624017270916,0,-138.23624017270916,0.013499999999999998,0.010895218400393052,0.14158102042792353,0.1427005828382237,36.82439607273027,39.0,0,True
0.7997234604550714,0.848983513817953,0.6703585564670903,4,139.53225505346958,0,-139.53225505346958,0.013499999999999998,0.010929249420212174,0.1339330975023095,0.14491425760956672,36.443531422350205,39.0,0,True
0.7988981562058463,0.8179636177872126,0.714434414737984,4,138.97813194307773,0,-138.97813194307773,0.013499999999999998,0.010969620478855021,0.15424950944141816,0.15479192202666636,34.80346155273101,39.0,0,True
0.7966840203749076,0.9434113633170561,0.7441921687044456,4,141.2983344233194,0,-141.2983344233194,0.013499999999999998,0.011044036736299317,0.1425631821315074,0.1602733908338411,33.9205259576122,39.0,0,True
0.7990535589902107,0.994360916887245,0.7063305084390985,4,142.16227692706897,0,-142.16227692706897,0.013499999999999998,0.011009032995984549,0.12334622829192231,0.1520706170551298,35.26292360022982,39.0,0,True
0.7981575574975934,0.7492894965294089,0.6296338143090586,4,138.0864395069936,0,-140.74101268282462,0.013499999999999998,0.010866637348415288,0.13862402317724382,0.13600937939688826,38.03536142301911,39.0,0.01922399610931081,False
0.7999969447799906,0.787228435236735,0.6715391515183089,4,138.23155208160213,0,-138.23155208160213,0.013499999999999998,0.010909930473374015,0.14540511917357354,0.1456862837051525,36.31310264833894,39.0,0,True
0.7999992988352345,0.8500954339137982,0.7138014232792189,4,139.34190139072695,0,-139.34190139072695,0.013499999999999998,0.01097048059199057,0.14797512073132155,0.15479227411369703,34.803346276333855,39.0,0,True
0.7942134550629802,0.6822975756104436,0.612061106703931,4,137.4255438040431,0,-153.13470314276827,0.013499999999999998,0.010853474359442387,0.14695100714969325,0.13187619563457595,38.83694351988514,39.0,0.11431033055343094,False
0.7988212157749308,0.9512402231663396,0.7313135024366453,4,141.1463209133527,0,-141.1463209133527,0.013499999999999998,0.011020588360248804,0.13712258474995384,0.1578824618624989,34.298807168580474,39.0,0,True
0.7947538186607715,0.8804280549542652,0.6353798993831896,4,141.73021405897006,0,-141.73021405897006,0.013499999999999998,0.01093891916265995,0.1183054252201385,0.1352503536547101,38.17926126094797,39.0,0,True
fitness at iteration,15,,,,,-138.23155208160213
0.7967885662791981,0.8978677256484809,0.7195807318913808,4,140.57582081213687,0,-140.57582081213687,0.013499999999999998,0.011010133440336715,0.1419637397562685,0.15516051262390504,34.74268154273378,39.0,0,True
0.7994186645761663,0.8008788632239662,0.7029103566878555,4,138.56197519364954,0,-139.4894139048019,0.013499999999999998,0.010949768745792288,0.15356551301880036,0.15254448498889692,35.18161308630137,39.0,0.006693313297939053,False
0.7965144811225797,0.8668726707882867,0.6828935731492415,4,140.21218046984882,0,-140.21218046984882,0.013499999999999998,0.010968185114952067,0.13526156781417648,0.14702930156584612,36.08903421810076,39.0,0,True
0.7995058267050202,0.6972322148790783,0.621884053669851,4,136.89302437011426,0,-148.75886859792388,0.013499999999999998,0.010833918388338318,0.14667884992966,0.1349789196923316,38.23082998962034,39.0,0.08667968497597237,False
0.799964702593928,0.7875503559026898,0.6864803924205716,4,138.21120576709987,0,-139.48638195411948,0.013499999999999998,0.010925541881404224,0.15047542812207346,0.14909979073020274,35.74943348043567,39.0,0.009226286536913672,False
0.7995389601963567,0.7068601612131186,0.6332154681552241,4,136.9468332507579,0,-148.07158066145195,0.013499999999999998,0.010848422709273718,0.1486127295220801,0.1374473251240075,37.76730723235202,39.0,0.08123406103391942,False
0.7937772791507043,0.9949064004075192,0.8492609481593268,4,143.24190770200616,0,-143.24190770200616,0.013499999999999998,0.011149662624948719,0.16841184220523114,0.1806342698950602,30.872591224748064,39.0,0,True
0.7999443833081364,0.6638748348773313,0.6315576286880868,4,136.09887262067053,0,-156.45177529473432,0.013499999999999998,0.010831953692097525,0.15799249090663758,0.13743915564024045,37.76879475217715,39.0,0.14954497625259985,False
0.7999180490805836,0.8406166777549414,0.6751713538788738,4,139.28354538707904,0,-139.28354538707904,0.013499999999999998,0.010930211485030959,0.13690235534074627,0.14615242034412784,36.23499525549906,39.0,0,True
0.7995809211381916,0.8999659121915197,0.7414376305250697,4,140.2614493272928,0,-140.2614493272928,0.013499999999999998,0.011011802315070672,0.14846781530073563,0.16045312986384969,33.89241934750273,39.0,0,True
0.7979003382415907,0.8072703328870953,0.7086761276900149,4,138.90033716175242,0,-139.83374229978554,0.013499999999999998,0.01096741151553968,0.15444159257945925,0.15341067848341344,35.034509686550926,39.0,0.006719963083647173,False
0.7999833366091148,0.9788684273077245,0.8000751933258657,4,141.5599055492213,0,-141.5599055492213,0.013499999999999998,0.011072771825880961,0.15450411086324597,0.17282994446477182,32.050982114283464,39.0,0,True
0.796514308143403,0.8189777558520738,0.7091379372989305,4,139.2951022068232,0,-139.2951022068232,0.013499999999999998,0.010980541142682243,0.15246067646761827,0.15317805714109295,35.07392923437535,39.0,0,True
0.7996860603586223,0.8489969423020759,0.7338823138677142,4,139.46723696798531,0,-139.46723696798531,0.013499999999999998,0.010991346651957334,0.1549476450893673,0.15897922774507048,34.12365266436817,39.0,0,True
0.7998123822533978,0.6342890594234192,0.6472793090854679,4,135.5771378107458,0,-165.19669852231516,0.013499999999999998,0.010841603204615982,0.17175411618662204,0.14095881871786306,37.12990185991519,39.0,0.2184701726991447,False
0.7997572427344807,0.7866842285672605,0.6252190124812043,4,138.85337019931183,0,-138.85337019931183,0.013499999999999998,0.010863956630440827,0.12998604981818715,0.1349497518599784,38.23639605495774,39.0,0,True
0.7999194797488207,0.8181278415559526,0.7097245109001026,4,138.80523975135068,0,-138.80523975135068,0.013499999999999998,0.01095807475476989,0.15252180158174986,0.15402276464275838,34.93148683235655,39.0,0,True
0.7992357895400938,0.6383953375962201,0.6147440865237509,4,135.86388464680877,0,-160.59921977375157,0.013499999999999998,0.010811654275881155,0.15815069368863727,0.13379247816020615,38.4596874717942,39.0,0.18205967826729422,False
0.7981758022412225,0.7889950196284173,0.6532012530506596,4,138.65484544656923,0,-138.65484544656923,0.013499999999999998,0.010903555727589187,0.13900677464290323,0.14106639197242046,37.11089966456408,39.0,0,True
0.7999984762503183,0.5625869641500445,0.5510120624601669,4,135.7559803495743,0,-183.2483945749215,0.013499999999999998,0.010725448866180189,0.15410428276894492,0.119078662790058,41.17222670582076,39.0,0.3498366267405186,False
fitness at iteration,16,,,,,-138.23155208160213
0.7999421424654094,0.8115116885691848,0.6983854905189374,4,138.65760173214568,0,-138.65760173214568,0.013499999999999998,0.010944789880556029,0.14991242380815423,0.15167152664449765,35.33177235249642,39.0,0,True
0.7999648088061211,0.8420202314735837,0.6956170968323756,4,139.18616941151296,0,-139.18616941151296,0.013499999999999998,0.010950473438567573,0.14338488519616674,0.15093867410589265,35.45490231925023,39.0,0,True
0.7996486177937427,0.8551468713054665,0.6641477916699163,4,139.75699602788046,0,-139.75699602788046,0.013499999999999998,0.01092552270119952,0.13091964445672993,0.14338205957913974,36.7060784679311,39.0,0,True
0.7986852559978848,0.7716690667549279,0.6490822469140735,4,138.25171710772233,0,-138.73794446212082,0.013499999999999998,0.010890447157949885,0.14086119078682638,0.14036752220611307,37.23536063138824,39.0,0.0035169715398154543,False
0.7979610250217019,0.7787099428230161,0.6393717262867931,4,138.62894806863233,0,-138.62894806863233,0.013499999999999998,0.01088734737784735,0.13629925574389165,0.13793721527814337,37.67734602589576,39.0,0,True
0.7977074403682235,0.859693855650472,0.7353895115459387,4,139.91830384795207,0,-139.91830384795207,0.013499999999999998,0.011008918560125473,0.15367024757200928,0.15884277319004594,34.14540029102648,39.0,0,True
0.7998035471710581,0.867625697574235,0.7037501261551573,4,139.6650720286627,0,-139.6650720286627,0.013499999999999998,0.010966881978306005,0.14162016396809418,0.15252902939628063,35.184236102349246,39.0,0,True
0.7999362926442936,0.8220166917827804,0.7316631142670892,4,139.02044470462292,0,-139.62521154718453,0.013499999999999998,0.010980415668949535,0.15929940142189325,0.15860941861039135,34.1823892095348,39.0,0.004350200748145827,False
0.7993476886757256,0.7854431236989042,0.6518669492421588,4,138.43504383638074,0,-138.43504383638074,0.013499999999999998,0.010893390789734298,0.13912491135770474,0.14103402915284757,37.11658036261829,39.0,0,True
0.798782708941364,0.7854663891630912,0.6360223486587533,4,138.73567333418336,0,-138.73567333418336,0.013499999999999998,0.010880805022738242,0.1338611209086175,0.13726657268053943,37.80072420613962,39.0,0,True
0.799964725661456,0.8281871834113291,0.7122995435190489,4,138.96989123620537,0,-138.96989123620537,0.013499999999999998,0.010963048375570631,0.1514946308570377,0.15454593000564165,34.84421806278467,39.0,0,True
0.7994454402726446,0.7900212512663224,0.6334355867991135,4,138.78789083146492,0,-138.78789083146492,0.013499999999999998,0.010875145749168225,0.1321322497838729,0.13676409878898863,37.89394745063989,39.0,0,True
0.7998625100146219,0.780682987045571,0.6435974077134138,4,138.35569973419544,0,-138.35569973419544,0.013499999999999998,0.010879896361182003,0.13719607239327178,0.13928256965065547,37.431022337607004,39.0,0,True
0.7994142825471474,0.8741955521756729,0.6815128027235098,4,139.97702318424055,0,-139.97702318424055,0.013499999999999998,0.010949780144724615,0.13338664352994872,0.14728276876054414,36.046971919217825,39.0,0,True
0.7988288278137402,0.8961993261744315,0.7062102852974553,4,140.3106944536463,0,-140.3106944536463,0.013499999999999998,0.010983698242468573,0.13776309826268907,0.15270181583328893,35.15477487926606,39.0,0,True
0.7999227060861879,0.7840726869784304,0.6698471589587239,4,138.19287912895354,0,-138.32729999017715,0.013499999999999998,0.010907795983439814,0.14543995590336975,0.14529862325153425,36.37842014796465,39.0,0.0009727046868904443,False
0.7957522127808727,0.8615830478588514,0.7125629351981779,4,140.1107501983905,0,-140.1107501983905,0.013499999999999998,0.01100069514992559,0.14590766923753565,0.15359296303635955,35.003876862919206,39.0,0,True
0.7999992519681598,0.7824218576317855,0.6581094076577284,4,138.2234532361493,0,-138.2234532361493,0.013499999999999998,0.010894644307495193,0.14175273215487316,0.14263468017103414,36.83586586431805,39.0,0,True
0.7999603526081969,0.8207252080675217,0.6980096775735998,4,138.82178047709004,0,-138.82178047709004,0.013499999999999998,0.010947017782130425,0.1480444956032266,0.15155694792679883,35.351624165810314,39.0,0,True
0.7998302829583981,0.8141231463055029,0.6773620899105914,4,138.75131886871029,0,-138.75131886871029,0.013499999999999998,0.010925044993796302,0.14233586814479002,0.14682535368345795,36.12270151442181,39.0,0,True
fitness at iteration,17,,,,,-138.2234532361493
0.7999386602767286,0.8071661251793881,0.7048289711243337,4,138.6074533556218,0,-138.6074533556218,0.013499999999999998,0.01095008447904732,0.15294905833119113,0.1530315168616188,35.09860798149698,39.0,0,True
0.7997571612614062,0.7689526931763541,0.6498149301393015,4,138.04531521385388,0,-138.7963483538151,0.013499999999999998,0.010883397641276325,0.141545468017409,0.14077955927014568,37.161766322321505,39.0,0.005440482632806042,False
0.7999851119656761,0.8363040623239225,0.6668849093755622,4,139.26781447236243,0,-139.26781447236243,0.013499999999999998,0.010920203729020278,0.1349338331507992,0.1442570896873416,36.555624694290145,39.0,0,True
0.7983075982600452,0.7977918928429871,0.6377620398043506,4,139.05519490349837,0,-139.05519490349837,0.013499999999999998,0.010889631644174858,0.13225312938787775,0.1374558024837789,37.765802486141524,39.0,0,True
0.799948663809777,0.7959659011815229,0.6449135838974744,4,138.6720164958031,0,-138.6720164958031,0.013499999999999998,0.010885581894878425,0.13481548106738947,0.1394681334872279,37.39732863564575,39.0,0,True
0.7994037963129599,0.7940775809546851,0.6614946576296307,4,138.506673053807,0,-138.506673053807,0.013499999999999998,0.010905487442225512,0.14075308890620358,0.1432060806543932,36.73654090307755,39.0,0,True
0.7987940041626916,0.8282859895609352,0.6901107259164413,4,139.11249456362384,0,-139.11249456362384,0.013499999999999998,0.01094887762771213,0.14411029624991922,0.14946760593849437,35.69011367594464,39.0,0,True
0.7993044502148492,0.7847948884022798,0.6461884877879918,4,138.49006337513964,0,-138.49006337513964,0.013499999999999998,0.010887546445009043,0.1373431073255847,0.13972580429089776,37.350726820490735,39.0,0,True
0.7972763703936597,0.7961278359375047,0.6454069877593032,4,139.03301164794973,0,-139.03301164794973,0.013499999999999998,0.010903687165297592,0.13516303060253135,0.13902572669503066,37.477924965731404,39.0,0,True
0.7999984646390108,0.7654266514489819,0.609364672990978,4,138.67559470080442,0,-138.67559470080442,0.013499999999999998,0.010839421856943861,0.1285753900220377,0.13158029518727335,38.89549944670978,39.0,0,True
0.7993362849072949,0.7440375622269818,0.6453844147587968,4,137.61697192518616,0,-142.689641923503,0.013499999999999998,0.010873760486416712,0.14502783499153132,0.13987204135742307,37.324335668631406,39.0,0.03686078778912908,False
0.7994943966662033,0.8115531889306166,0.6823547587725334,4,138.7303619515304,0,-138.7303619515304,0.013499999999999998,0.010931600883416662,0.14451283330077386,0.1479201430214969,35.94187516275523,39.0,0,True
0.7969816215035359,0.7373468736325265,0.6487744075821933,4,137.78681433608816,0,-145.27092063348576,0.013499999999999998,0.0108909258043733,0.14779572374821837,0.14018154396599491,37.268778008458305,39.0,0.05431656384146041,False
0.7992689491948701,0.8032542131944574,0.6652705323325833,4,138.68042728222082,0,-138.68042728222082,0.013499999999999998,0.010913024064301842,0.14033312339503246,0.14398373002942555,36.602546276093456,39.0,0,True
0.7994870634767092,0.7037447524382531,0.5760559882704424,4,138.1753841869056,0,-149.38792096889867,0.013499999999999998,0.010789662722267168,0.12922617999640387,0.12345135836509673,40.34039190972656,39.0,0.08114713664791563,False
0.7999598090036124,0.7715587319287948,0.6619364334045809,4,137.97119939591803,0,-139.502390098405,0.013499999999999998,0.010895422531459685,0.14517495460961397,0.1435815013320364,36.67164259162919,39.0,0.011097900932883127,False
0.7998897849858743,0.7850347106998034,0.6265218779468943,4,138.7671121976003,0,-138.7671121976003,0.013499999999999998,0.01086387437724191,0.13070051857242834,0.1352945864180599,38.170598577772516,39.0,0,True
0.7952209032452117,0.7490315100097061,0.6098617795186172,4,138.87868403826195,0,-140.31094326398568,0.013499999999999998,0.01086539894098902,0.13218009119514745,0.13090836731546704,39.023338109442115,39.0,0.010313024173883467,False
0.795031411364903,0.7856287965157885,0.6626961921361364,4,138.91876431519415,0,-139.42395603293133,0.013499999999999998,0.010932964299665823,0.1431249463779985,0.14260634441339304,36.84102317086945,39.0,0.0036365981242890157,False
0.7989985997950287,0.7507183570417258,0.6219544021336539,4,138.1486877755458,0,-139.4178603215734,0.013499999999999998,0.010853770101750662,0.13565118847578422,0.1344163053420711,38.338870575621144,39.0,0.00918700399159542,False
fitness at iteration,18,,,,,-138.2234532361493
0.7996551208666084,0.8352234507698656,0.6962626782167617,4,139.1073149417742,0,-139.1073149417742,0.013499999999999998,0.01095125677343746,0.1448382817169556,0.15105436937257727,35.43658384289647,39.0,0,True
0.7999266779818416,0.7724417909126445,0.6758686906496587,4,137.9562218946824,0,-140.83959638463222,0.013499999999999998,0.01091055876391844,0.14980730464252265,0.14674033646239001,36.13682772834049,39.0,0.020900648411138863,False
0.7982441510572483,0.8002281949338758,0.6614352558233733,4,138.7894271940033,0,-138.7894271940033,0.013499999999999998,0.010914903720021664,0.1396905610206822,0.1429013296564338,36.78950656570802,39.0,0,True
0.7995302710254757,0.794316174641234,0.6542654933550385,4,138.57375518250586,0,-138.57375518250586,0.013499999999999998,0.01089741989089749,0.13826560091001996,0.14155607412123208,37.02433677086819,39.0,0,True
0.7999945966173572,0.8217461981555608,0.6487337370055593,4,139.19948619856518,0,-139.19948619856518,0.013499999999999998,0.01089744786921119,0.13152035472831608,0.14012813602522553,37.27822169082235,39.0,0,True
0.7995176185893715,0.8154890805662037,0.685710143298193,4,138.79473513279447,0,-138.79473513279447,0.013499999999999998,0.010936041290714205,0.1449095443939446,0.14867613745957778,35.81821072068996,39.0,0,True
0.7999985787096455,0.8095823831597525,0.6806563148368449,4,138.6271099762446,0,-138.6271099762446,0.013499999999999998,0.010925930378041088,0.14426519019949988,0.14765216144685656,35.985988160842446,39.0,0,True
0.7999323396433371,0.8106964611718873,0.6375964093852495,4,139.15674719002496,0,-139.15674719002496,0.013499999999999998,0.010883190281515876,0.12980238748787157,0.13761917566219223,37.7356319650189,39.0,0,True
0.7990895515553808,0.7961903823694395,0.650844237890056,4,138.7018716612953,0,-138.7018716612953,0.013499999999999998,0.010897213493555075,0.1368219283708631,0.14066216332735704,37.18270845591433,39.0,0,True
0.7991689642245741,0.7071059126554066,0.5922599991463875,4,137.77451787435913,0,-146.86574363074786,0.013499999999999998,0.010808599060462004,0.134150339843323,0.12764282706136457,39.58515831262034,39.0,0.06598626434446525,False
0.7988614085342108,0.8238567113363845,0.6804621596507464,4,139.05876322090788,0,-139.05876322090788,0.013499999999999998,0.010937493292873217,0.14168464074011639,0.14726972219380705,36.04915363555823,39.0,0,True
0.7999826180607406,0.8564468303623355,0.6986993498871946,4,139.4398160341677,0,-139.4398160341677,0.013499999999999998,0.010957499579493615,0.14187520126242648,0.15154888846070252,35.35302070901555,39.0,0,True
0.7999730774561937,0.827514096511435,0.7126622683590306,4,138.96708895953924,0,-138.96708895953924,0.013499999999999998,0.010963267425717243,0.15173823038133147,0.15462293428465274,34.831426993743385,39.0,0,True
0.7996632577655939,0.8358752007882208,0.6786218977613563,4,139.19746652960757,0,-139.19746652960757,0.013499999999999998,0.010933937526402508,0.13887568065686345,0.1469368200516397,36.10420724259866,39.0,0,True
0.7997962464712126,0.7943080389959137,0.6329433285385528,4,138.85951086889224,0,-138.85951086889224,0.013499999999999998,0.010873848323485447,0.1311716116928074,0.1366756663971109,37.91041338968477,39.0,0,True
0.7999980934100793,0.8101467663771212,0.6827561116920347,4,138.6301270757824,0,-138.6301270757824,0.013499999999999998,0.010928216070921523,0.14486866320459288,0.14813346956569012,35.90682739369393,39.0,0,True
0.7998279873103592,0.8116733865121984,0.6575546037801735,4,138.8728438528966,0,-138.8728438528966,0.013499999999999998,0.010904274556388396,0.13618686190117826,0.1422418841239165,36.904173729464475,39.0,0,True
0.7996332841424618,0.7916533130380464,0.6350993696511336,4,138.78192818320912,0,-138.78192818320912,0.013499999999999998,0.01087630022665927,0.13236718933931785,0.13716786482145218,37.818949609520274,39.0,0,True
0.7982241377606957,0.7620761753364652,0.6419261558191404,4,138.1972551473907,0,-139.79075530272357,0.013499999999999998,0.01088313637657561,0.14031348511526964,0.13871402626806417,37.53488097341616,39.0,0.011530620876900538,False
0.799445689726125,0.7418521551826925,0.6509246629918939,4,137.5136821593887,0,-143.59640897370656,0.013499999999999998,0.010878206361796207,0.14740751130075866,0.14116334664490598,37.093664763815546,39.0,0.04423361165812939,False
fitness at iteration,19,,,,,-138.2234532361493
Best Solution
0.7999992519681598,0.7824218576317855,0.6581094076577284,4,,,-138.2234532361493
