D,AEdAO,PdD,Z,P_B,n,fitness,t075dD,tmin075dD,tal07R,cavLim,Vtip,Vtipmax,penalty,valid
0.788057,0.897124,0.629108,5.0,110.413368,851.478367,110.413368,,,,,,,,1.0
0.791613,0.790654,0.738308,5.0,107.944536,749.960455,107.944536,,,,,,,,1.0
0.785569,0.910529,0.878412,7.0,111.443782,655.492818,111.443782,,,,,,,,1.0
0.687127,0.983457,0.776353,5.0,123.858915,939.972249,123.858915,,,,,,,,1.0
0.754981,1.027096,0.813615,2.0,127.163346,799.214424,127.163346,,,,,,,,1.0
0.743628,0.802328,0.646272,4.0,115.989309,941.533105,115.989309,,,,,,,,1.0
0.768086,0.909281,0.70734,5.0,111.822676,818.558908,111.822676,,,,,,,,1.0
0.756363,0.818363,0.7316,3.0,119.586679,853.65281,119.586679,,,,,,,,1.0
0.731597,0.81729,0.621275,4.0,118.20926,998.764043,118.20926,,,,,,,,1.0
0.777926,1.035669,0.817115,4.0,114.645498,733.037296,114.645498,,,,,,,,1.0
0.732481,0.855845,0.682514,2.0,131.617582,976.198607,131.617582,,,,,,,,1.0
0.709359,0.948861,0.739025,2.0,135.193302,969.17468,135.193302,,,,,,,,1.0
0.738260,1.043618,0.754816,3.0,123.896688,870.109343,123.896688,,,,,,,,1.0
0.746630,0.988946,0.666022,7.0,117.051528,876.471819,117.051528,,,,,,,,1.0
0.790181,0.71408,0.65726,2.0,120.292924,877.91054,120.292924,,,,,,,,1.0
0.793673,0.903161,0.625965,5.0,110.033672,844.241031,110.033672,,,,,,,,1.0
0.799062,1.045338,0.67905,5.0,111.173187,791.767606,111.173187,,,,,,,,1.0
0.735889,0.863518,0.682657,2.0,131.311695,967.888869,131.311695,,,,,,,,1.0
0.745838,0.97107,0.60147,6.0,116.7042,961.889074,116.7042,,,,,,,,1.0
0.774658,0.837825,0.60176,7.0,112.949368,875.139687,112.949368,,,,,,,,1.0
0.790491,0.70157,0.599625,7.0,111.034126,839.536288,111.034126,,,,,,,,1.0
0.799834,0.779143,0.666738,3.0,113.562014,826.014362,113.562014,,,,,,,,1.0
0.758499,0.999997,0.780927,4.0,116.579339,793.679583,116.579339,,,,,,,,1.0
0.746591,1.008547,0.70426,3.0,123.604101,901.038495,123.604101,,,,,,,,1.0
0.763832,0.865042,0.595831,7.0,114.469556,905.792417,114.469556,,,,,,,,1.0
0.750721,0.907813,0.625523,4.0,117.867662,953.733692,117.867662,,,,,,,,1.0
0.778863,0.976878,0.875578,4.0,115.064827,695.975181,115.064827,,,,,,,,1.0
0.773747,0.899866,0.732054,4.0,113.55414,802.207573,113.55414,,,,,,,,1.0
0.743902,0.99123,0.883767,3.0,123.339339,760.841623,123.339339,,,,,,,,1.0
0.708168,0.948202,0.705083,4.0,122.692508,970.095139,122.692508,,,,,,,,1.0
0.763618,0.897124,0.629108,6.0,112.569931,885.522537,112.569931,,,,,,,,1.0
0.791613,0.790654,0.669407,7.0,109.65736,778.491115,109.65736,,,,,,,,1.0
0.785569,0.910529,0.878412,7.0,111.443782,655.492818,111.443782,,,,,,,,1.0
0.687127,0.983457,0.776353,5.0,123.858915,939.972249,123.858915,,,,,,,,1.0
0.754981,1.027096,0.501641,4.0,0.0,0.0,0.0,,,,,,,,1.0
0.743628,0.943598,0.818406,4.0,118.462696,795.15684,118.462696,,,,,,,,1.0
0.768086,0.909281,0.720306,2.0,127.107245,858.339758,127.107245,,,,,,,,1.0
0.777206,0.967586,0.927596,2.0,124.8573,686.7124,124.8573,,,,,,,,1.0
0.789932,0.81729,0.706527,7.0,109.630327,753.044438,109.630327,,,,,,,,1.0
0.745445,0.947287,0.817115,4.0,118.218455,792.469524,118.218455,,,,,,,,1.0
0.743153,0.855845,0.836997,3.0,0.0,0.0,0.0,,,,,,,,1.0
0.709359,0.833203,0.819085,2.0,0.0,0.0,0.0,,,,,,,,1.0
0.783898,0.895887,0.754816,3.0,117.195492,781.182837,117.195492,,,,,,,,1.0
0.743481,0.988946,0.932945,2.0,128.805002,738.927123,128.805002,,,,,,,,1.0
0.800000,0.835372,0.634152,2.0,123.672059,883.682104,123.672059,,,,,,,,1.0
0.793673,0.903161,0.625965,3.0,118.435485,883.28613,118.435485,,,,,,,,1.0
0.799062,0.774914,0.67905,5.0,106.866136,781.062131,106.866136,,,,,,,,1.0
0.735889,0.895475,0.820318,2.0,131.033908,837.596818,131.033908,,,,,,,,1.0
0.745838,0.813949,0.635909,6.0,113.410551,912.25872,113.410551,,,,,,,,1.0
0.774658,0.908706,0.823978,7.0,112.293927,702.145321,112.293927,,,,,,,,1.0
0.790491,0.840646,0.599625,7.0,111.422516,846.405764,111.422516,,,,,,,,1.0
0.730565,0.779143,0.666738,3.0,0.0,0.0,0.0,,,,,,,,1.0
0.758499,0.999997,0.875421,2.0,126.567469,748.495846,126.567469,,,,,,,,1.0
0.746591,1.008547,0.70426,5.0,116.017885,868.354751,116.017885,,,,,,,,1.0
0.763832,0.865042,0.595831,7.0,114.469556,905.792417,114.469556,,,,,,,,1.0
0.753978,0.907813,0.770353,4.0,116.266634,810.169261,116.266634,,,,,,,,1.0
0.778863,0.955082,0.86999,4.0,114.923706,699.541294,114.923706,,,,,,,,1.0
0.675839,0.899866,0.732054,3.0,0.0,0.0,0.0,,,,,,,,1.0
0.743902,0.99123,0.818892,3.0,122.794823,805.772149,122.794823,,,,,,,,1.0
0.747746,0.939522,0.812654,4.0,117.818121,791.234766,117.818121,,,,,,,,1.0
fitness at iteration,1,,,,,117.818121,,,,,,,,1.0
0.800000,0.897124,0.670807,6.0,108.076269,776.868731,108.076269,,,,,,,,1.0
0.729033,0.836799,0.756778,5.0,0.0,0.0,0.0,,,,,,,,1.0
0.785569,0.910529,0.595736,7.0,112.673519,864.665216,112.673519,,,,,,,,1.0
0.687127,0.756369,0.770431,5.0,0.0,0.0,0.0,,,,,,,,1.0
0.740664,1.027096,0.845848,2.0,128.611719,801.426341,128.611719,,,,,,,,1.0
0.743628,0.802328,0.677024,4.0,115.79978,910.654482,115.79978,,,,,,,,1.0
0.703439,0.909281,0.70734,2.0,136.360299,1020.112957,136.360299,,,,,,,,1.0
0.756363,1.05,0.810984,6.0,115.472252,753.852726,115.472252,,,,,,,,1.0
0.773075,0.81729,0.706527,6.0,109.820453,794.073161,109.820453,,,,,,,,1.0
0.770922,1.029732,0.728744,4.0,115.621342,812.988731,115.621342,,,,,,,,1.0
0.732481,0.855845,0.682514,2.0,131.617582,976.198607,131.617582,,,,,,,,1.0
0.741868,1.004428,0.739025,6.0,116.085936,833.927755,116.085936,,,,,,,,1.0
0.783898,0.895887,0.754816,3.0,117.195492,781.182837,117.195492,,,,,,,,1.0
0.746630,0.988946,0.871018,6.0,116.495739,733.788373,116.495739,,,,,,,,1.0
0.790181,0.71408,0.65726,2.0,120.292924,877.91054,120.292924,,,,,,,,1.0
0.800000,0.727387,0.6775,5.0,106.333567,779.642956,106.333567,,,,,,,,1.0
0.773930,0.774914,0.761142,2.0,124.648008,815.451278,124.648008,,,,,,,,1.0
0.735889,0.844381,0.707349,2.0,130.644764,941.520868,130.644764,,,,,,,,1.0
0.745838,0.813949,0.635909,5.0,113.597224,928.337561,113.597224,,,,,,,,1.0
0.784564,0.908706,0.823978,5.0,110.821368,706.686016,110.821368,,,,,,,,1.0
0.790491,1.007812,0.599625,7.0,113.555819,858.48661,113.555819,,,,,,,,1.0
0.799834,0.655737,0.666738,3.0,0.0,0.0,0.0,,,,,,,,1.0
0.800000,0.999997,0.780927,5.0,109.59861,709.271941,109.59861,,,,,,,,1.0
0.746591,1.008547,0.674465,7.0,117.380216,869.424936,117.380216,,,,,,,,1.0
0.731416,0.865042,0.595831,2.0,0.0,0.0,0.0,,,,,,,,1.0
0.733985,1.05,0.983104,4.0,0.0,0.0,0.0,,,,,,,,1.0
0.736324,0.955082,0.86999,6.0,0.0,0.0,0.0,,,,,,,,1.0
0.791596,0.719893,0.732054,4.0,0.0,0.0,0.0,,,,,,,,1.0
0.754079,0.962755,0.818892,3.0,121.501827,786.842958,121.501827,,,,,,,,1.0
0.755514,0.939522,0.868945,4.0,117.801137,740.349075,117.801137,,,,,,,,1.0
fitness at iteration,2,,,,,117.801137,,,,,,,,1.0
0.768373,0.989942,0.875948,7.0,114.686889,683.924657,114.686889,,,,,,,,1.0
0.783149,0.960356,0.712515,3.0,118.312871,818.311202,118.312871,,,,,,,,1.0
0.785569,0.910529,0.707919,7.0,111.07733,761.562168,111.07733,,,,,,,,1.0
0.765125,0.863225,0.601934,5.0,113.021196,925.578922,113.021196,,,,,,,,1.0
0.754981,1.027096,0.813615,7.0,116.663905,743.718226,116.663905,,,,,,,,1.0
0.743628,0.802328,0.677024,4.0,115.79978,910.654482,115.79978,,,,,,,,1.0
0.768086,1.034677,0.70734,5.0,113.909801,823.216949,113.909801,,,,,,,,1.0
0.756363,1.05,0.794587,2.0,127.079971,811.594521,127.079971,,,,,,,,1.0
0.716784,0.81729,0.830573,7.0,0.0,0.0,0.0,,,,,,,,1.0
0.777926,0.987948,0.817115,4.0,114.39209,733.111483,114.39209,,,,,,,,1.0
0.732481,0.855845,0.773384,4.0,0.0,0.0,0.0,,,,,,,,1.0
0.741868,1.004428,0.739025,7.0,117.654965,821.944212,117.654965,,,,,,,,1.0
0.783898,0.860279,0.754816,3.0,116.851957,781.550652,116.851957,,,,,,,,1.0
0.746630,1.05,0.871018,4.0,119.130379,753.229394,119.130379,,,,,,,,1.0
0.790181,0.972268,0.950522,5.0,113.240258,632.27284,113.240258,,,,,,,,1.0
0.799430,0.727387,0.823687,5.0,0.0,0.0,0.0,,,,,,,,1.0
0.776488,0.774914,0.67905,3.0,116.122811,859.64627,116.122811,,,,,,,,1.0
0.735889,0.789736,0.707349,4.0,0.0,0.0,0.0,,,,,,,,1.0
0.745838,0.813949,0.635909,6.0,113.410551,912.25872,113.410551,,,,,,,,1.0
0.784564,0.939842,0.812016,5.0,110.935537,713.916198,110.935537,,,,,,,,1.0
0.790491,0.70157,0.599625,7.0,111.034126,839.536288,111.034126,,,,,,,,1.0
0.766081,0.779143,0.76218,5.0,0.0,0.0,0.0,,,,,,,,1.0
0.757802,0.999997,0.780927,5.0,114.481447,782.51849,114.481447,,,,,,,,1.0
0.746591,1.008547,0.72992,2.0,130.383049,892.27741,130.383049,,,,,,,,1.0
0.746126,1.05,0.944386,7.0,119.377621,686.826001,119.377621,,,,,,,,1.0
0.775804,0.87581,0.841127,2.0,125.828091,748.19059,125.828091,,,,,,,,1.0
0.778863,0.951103,0.86999,4.0,114.911477,699.60893,114.911477,,,,,,,,1.0
0.773747,0.899866,0.732054,4.0,113.55414,802.207573,113.55414,,,,,,,,1.0
0.754079,1.036883,1.153743,3.0,0.0,0.0,0.0,,,,,,,,1.0
0.755514,1.05,0.818815,4.0,117.463235,771.69486,117.463235,,,,,,,,1.0
fitness at iteration,3,,,,,117.463235,,,,,,,,1.0
0.800000,0.897124,0.670807,6.0,108.076269,776.868731,108.076269,,,,,,,,1.0
0.800000,0.714119,0.738308,5.0,0.0,0.0,0.0,,,,,,,,1.0
0.785569,0.878855,0.716441,7.0,110.624902,754.306908,110.624902,,,,,,,,1.0
0.772246,0.863225,0.601934,5.0,112.232403,910.236269,112.232403,,,,,,,,1.0
0.754981,0.989879,0.853624,4.0,117.699941,749.808344,117.699941,,,,,,,,1.0
0.800000,1.05,0.823354,4.0,112.229718,693.047145,112.229718,,,,,,,,1.0
0.711852,0.909281,0.986415,5.0,0.0,0.0,0.0,,,,,,,,1.0
0.756363,0.813777,0.738398,5.0,0.0,0.0,0.0,,,,,,,,1.0
0.800000,1.05,0.706527,7.0,112.008917,742.937787,112.008917,,,,,,,,1.0
0.777926,0.987948,0.817115,4.0,114.39209,733.111483,114.39209,,,,,,,,1.0
0.732481,0.659877,0.741342,5.0,0.0,0.0,0.0,,,,,,,,1.0
0.741868,1.004428,0.739025,6.0,116.085936,833.927755,116.085936,,,,,,,,1.0
0.763098,0.831648,0.785205,2.0,126.938086,814.413764,126.938086,,,,,,,,1.0
0.746630,1.05,0.871018,6.0,117.414527,734.122466,117.414527,,,,,,,,1.0
0.790491,0.972268,0.950522,7.0,112.497733,614.944659,112.497733,,,,,,,,1.0
0.800000,0.727387,0.6775,5.0,106.333567,779.642956,106.333567,,,,,,,,1.0
0.799062,0.774914,0.67905,3.0,113.512519,816.372191,113.512519,,,,,,,,1.0
0.768836,0.844381,0.707349,4.0,113.353095,831.280933,113.353095,,,,,,,,1.0
0.708092,0.813949,0.635909,6.0,0.0,0.0,0.0,,,,,,,,1.0
0.784564,0.908706,0.979748,5.0,0.0,0.0,0.0,,,,,,,,1.0
0.765995,0.70157,0.718958,7.0,0.0,0.0,0.0,,,,,,,,1.0
0.799834,0.939556,0.708162,3.0,116.183949,791.476209,116.183949,,,,,,,,1.0
0.763970,0.999997,0.780927,5.0,113.72922,771.059007,113.72922,,,,,,,,1.0
0.728986,0.852652,0.684194,5.0,115.82942,920.218815,115.82942,,,,,,,,1.0
0.739067,1.05,0.870565,5.0,118.545169,758.097727,118.545169,,,,,,,,1.0
0.721135,0.856202,0.770353,7.0,0.0,0.0,0.0,,,,,,,,1.0
0.778863,1.05,0.86999,4.0,115.071202,698.213763,115.071202,,,,,,,,1.0
0.773747,0.899866,0.732054,4.0,113.55414,802.207573,113.55414,,,,,,,,1.0
0.800000,1.008455,0.715119,5.0,109.809934,757.527601,109.809934,,,,,,,,1.0
0.700095,1.05,0.782975,4.0,124.85774,917.021495,124.85774,,,,,,,,1.0
fitness at iteration,4,,,,,117.463235,,,,,,,,1.0
0.800000,0.973584,0.758236,6.0,108.870751,712.973155,108.870751,,,,,,,,1.0
0.791613,0.790654,0.963301,5.0,0.0,0.0,0.0,,,,,,,,1.0
0.709153,0.916885,0.716441,7.0,0.0,0.0,0.0,,,,,,,,1.0
0.741798,0.863225,0.601934,7.0,116.763782,947.545378,116.763782,,,,,,,,1.0
0.750515,1.02079,0.821895,7.0,117.133747,746.377062,117.133747,,,,,,,,1.0
0.800000,1.05,0.839351,4.0,112.327005,683.143278,112.327005,,,,,,,,1.0
0.768086,0.909281,0.873761,5.0,113.725541,705.678688,113.725541,,,,,,,,1.0
0.800000,1.05,0.810984,3.0,115.827252,711.559761,115.827252,,,,,,,,1.0
0.789932,1.05,0.706527,7.0,113.085755,760.070003,113.085755,,,,,,,,1.0
0.765286,0.987948,0.817115,4.0,115.924182,755.20667,115.924182,,,,,,,,1.0
0.732481,0.855845,0.682514,7.0,116.656193,885.59943,116.656193,,,,,,,,1.0
0.800000,1.004428,0.815626,7.0,110.941965,667.78424,110.941965,,,,,,,,1.0
0.771759,0.860279,0.56742,3.0,0.0,0.0,0.0,,,,,,,,1.0
0.746630,0.800978,0.871018,6.0,0.0,0.0,0.0,,,,,,,,1.0
0.740994,1.05,0.950522,7.0,0.0,0.0,0.0,,,,,,,,1.0
0.800000,0.727387,0.6775,7.0,0.0,0.0,0.0,,,,,,,,1.0
0.799062,0.774914,0.68246,5.0,106.853537,778.337963,106.853537,,,,,,,,1.0
0.768836,0.844381,0.707349,3.0,118.315173,849.506689,118.315173,,,,,,,,1.0
0.745838,0.813949,0.926642,7.0,0.0,0.0,0.0,,,,,,,,1.0
0.784564,0.908706,0.858314,5.0,111.431568,687.1378,111.431568,,,,,,,,1.0
0.733586,0.874168,0.599625,6.0,116.380975,984.664091,116.380975,,,,,,,,1.0
0.787836,0.935009,0.666738,3.0,118.402017,852.645503,118.402017,,,,,,,,1.0
0.800000,1.010812,0.592813,5.0,113.521671,877.53042,113.521671,,,,,,,,1.0
0.728986,0.744195,0.68999,5.0,0.0,0.0,0.0,,,,,,,,1.0
0.800000,0.865042,0.649335,6.0,107.936606,794.084578,107.936606,,,,,,,,1.0
0.753978,0.907813,0.688447,4.0,116.168528,879.99935,116.168528,,,,,,,,1.0
0.800000,0.970724,0.86999,4.0,112.462028,666.145815,112.462028,,,,,,,,1.0
0.773747,0.899866,0.881239,4.0,115.671902,702.886881,115.671902,,,,,,,,1.0
0.800000,1.008455,0.729745,5.0,109.7033,746.026055,109.7033,,,,,,,,1.0
0.755514,1.05,0.818815,4.0,117.463235,771.69486,117.463235,,,,,,,,1.0
fitness at iteration,5,,,,,117.463235,,,,,,,,1.0
0.770623,0.72758,0.5,6.0,0.0,0.0,0.0,,,,,,,,1.0
0.791613,0.847494,0.740643,5.0,108.501095,748.778754,108.501095,,,,,,,,1.0
0.800000,1.05,1.059798,7.0,114.016931,561.318957,114.016931,,,,,,,,1.0
0.772246,0.849534,0.897654,3.0,0.0,0.0,0.0,,,,,,,,1.0
0.754981,1.021711,0.813615,7.0,116.541093,743.594462,116.541093,,,,,,,,1.0
0.742881,1.05,0.823354,5.0,117.378401,781.526654,117.378401,,,,,,,,1.0
0.768086,0.830656,0.70734,5.0,110.809917,816.643688,110.809917,,,,,,,,1.0
0.798944,1.05,0.810984,6.0,110.471475,682.390859,110.471475,,,,,,,,1.0
0.789932,1.026834,0.706527,6.0,110.990542,770.234143,110.990542,,,,,,,,1.0
0.777926,0.62262,0.817115,7.0,0.0,0.0,0.0,,,,,,,,1.0
0.732481,0.855845,0.682514,4.0,118.054913,931.896127,118.054913,,,,,,,,1.0
0.800000,1.004428,0.962795,4.0,114.300937,619.549518,114.300937,,,,,,,,1.0
0.783898,1.05,0.754816,3.0,118.329234,781.295974,118.329234,,,,,,,,1.0
0.746630,1.05,0.871018,6.0,117.414527,734.122466,117.414527,,,,,,,,1.0
0.790491,1.022455,0.928273,7.0,113.078925,624.686321,113.078925,,,,,,,,1.0
0.800000,0.905067,0.670519,7.0,109.823207,766.437755,109.823207,,,,,,,,1.0
0.800000,0.774914,0.68246,5.0,106.747325,776.669293,106.747325,,,,,,,,1.0
0.768836,0.855008,0.561889,4.0,0.0,0.0,0.0,,,,,,,,1.0
0.773747,0.813949,0.684903,6.0,109.784821,810.092773,109.784821,,,,,,,,1.0
0.800000,0.858864,0.711273,5.0,107.635784,756.148164,107.635784,,,,,,,,1.0
0.738575,0.802778,0.777556,7.0,0.0,0.0,0.0,,,,,,,,1.0
0.747907,0.919223,0.779047,3.0,121.9738,830.121196,121.9738,,,,,,,,1.0
0.743189,0.605965,0.780927,3.0,0.0,0.0,0.0,,,,,,,,1.0
0.728986,0.852652,0.684194,5.0,115.82942,920.218815,115.82942,,,,,,,,1.0
0.800000,0.865042,0.665132,6.0,107.726051,780.389933,107.726051,,,,,,,,1.0
0.753978,0.907813,0.857928,6.0,0.0,0.0,0.0,,,,,,,,1.0
0.800000,0.970724,0.86999,4.0,112.462028,666.145815,112.462028,,,,,,,,1.0
0.754683,0.941845,0.732054,6.0,113.464774,811.996488,113.464774,,,,,,,,1.0
0.800000,1.008455,0.65902,5.0,110.734933,806.606041,110.734933,,,,,,,,1.0
0.800000,1.05,0.818815,4.0,112.200252,695.916717,112.200252,,,,,,,,1.0
fitness at iteration,6,,,,,112.200252,,,,,,,,1.0
0.800000,1.05,0.670807,3.0,119.45184,830.422775,119.45184,,,,,,,,1.0
0.791613,0.790654,0.738308,5.0,107.944536,749.960455,107.944536,,,,,,,,1.0
0.785569,0.766254,0.525949,7.0,114.412062,934.975104,114.412062,,,,,,,,1.0
0.800000,0.863225,0.963452,2.0,0.0,0.0,0.0,,,,,,,,1.0
0.800000,1.021711,0.590107,3.0,124.973641,924.335106,124.973641,,,,,,,,1.0
0.800000,0.890092,0.713227,4.0,110.471642,769.780874,110.471642,,,,,,,,1.0
0.704188,0.830656,0.716684,5.0,0.0,0.0,0.0,,,,,,,,1.0
0.782325,1.05,0.897926,6.0,113.338256,660.052542,113.338256,,,,,,,,1.0
0.800000,0.74957,0.706527,3.0,113.019349,791.591284,113.019349,,,,,,,,1.0
0.800000,0.987948,0.690852,6.0,109.31922,763.949411,109.31922,,,,,,,,1.0
0.732481,0.855845,0.682514,6.0,115.048765,898.516514,115.048765,,,,,,,,1.0
0.790491,0.777598,0.796529,7.0,0.0,0.0,0.0,,,,,,,,1.0
0.783898,0.974243,0.754816,3.0,117.845144,780.900138,117.845144,,,,,,,,1.0
0.800000,0.988946,0.815113,6.0,109.411282,677.353002,109.411282,,,,,,,,1.0
0.790491,0.634811,0.950522,7.0,0.0,0.0,0.0,,,,,,,,1.0
0.800000,0.727387,0.608678,3.0,112.877933,881.218443,112.877933,,,,,,,,1.0
0.770457,1.05,0.813812,5.0,113.83789,737.540891,113.83789,,,,,,,,1.0
0.772246,0.844381,0.707349,4.0,112.953805,824.640027,112.953805,,,,,,,,1.0
0.773747,0.964529,0.684903,5.0,112.221017,829.286952,112.221017,,,,,,,,1.0
0.800000,0.962854,0.810881,5.0,109.425507,689.908836,109.425507,,,,,,,,1.0
0.800000,0.70157,0.599625,7.0,110.127821,821.818527,110.127821,,,,,,,,1.0
0.799834,0.779143,0.78024,2.0,121.691191,754.380166,121.691191,,,,,,,,1.0
0.800000,0.999997,0.671496,3.0,118.319445,827.405416,118.319445,,,,,,,,1.0
0.728986,0.852652,0.684194,5.0,115.82942,920.218815,115.82942,,,,,,,,1.0
0.800000,0.701703,0.665132,4.0,107.818786,805.7774,107.818786,,,,,,,,1.0
0.778998,0.781883,0.688447,6.0,108.93512,796.623092,108.93512,,,,,,,,1.0
0.800000,0.698082,0.86999,4.0,0.0,0.0,0.0,,,,,,,,1.0
0.799834,0.941845,0.732054,3.0,115.919538,771.301664,115.919538,,,,,,,,1.0
0.768187,1.013599,0.729745,7.0,114.661208,778.908834,114.661208,,,,,,,,1.0
0.800000,1.05,0.818815,4.0,112.200252,695.916717,112.200252,,,,,,,,1.0
fitness at iteration,7,,,,,112.200252,,,,,,,,1.0
0.800000,0.897124,0.670807,6.0,108.076269,776.868731,108.076269,,,,,,,,1.0
0.686515,0.834243,0.738308,5.0,0.0,0.0,0.0,,,,,,,,1.0
0.778998,0.987027,0.73903,5.0,111.661815,774.755342,111.661815,,,,,,,,1.0
0.772246,0.610588,0.601934,5.0,0.0,0.0,0.0,,,,,,,,1.0
0.754981,0.872956,0.879313,7.0,0.0,0.0,0.0,,,,,,,,1.0
0.800000,1.05,0.713227,4.0,112.919556,774.255689,112.919556,,,,,,,,1.0
0.800000,0.737116,0.70734,5.0,106.440602,757.22965,106.440602,,,,,,,,1.0
0.800000,1.05,0.810984,3.0,115.827252,711.559761,115.827252,,,,,,,,1.0
0.748875,0.909633,0.706527,6.0,113.680495,843.73294,113.680495,,,,,,,,1.0
0.773747,0.697498,0.601421,6.0,0.0,0.0,0.0,,,,,,,,1.0
0.732481,0.855845,0.682514,4.0,118.054913,931.896127,118.054913,,,,,,,,1.0
0.800000,0.924807,0.815626,4.0,111.446744,698.211125,111.446744,,,,,,,,1.0
0.783898,0.860279,0.865282,4.0,0.0,0.0,0.0,,,,,,,,1.0
0.732481,0.988946,0.815113,7.0,0.0,0.0,0.0,,,,,,,,1.0
0.754683,0.929459,0.731643,7.0,114.749686,800.336723,114.749686,,,,,,,,1.0
0.800000,0.893476,0.700649,5.0,108.108351,765.274514,108.108351,,,,,,,,1.0
0.764591,0.8106,0.68246,5.0,110.991582,843.981041,110.991582,,,,,,,,1.0
0.772246,0.844381,0.618141,7.0,112.881006,863.465377,112.881006,,,,,,,,1.0
0.763581,0.912688,0.706412,6.0,112.001355,814.626203,112.001355,,,,,,,,1.0
0.800000,0.665197,0.676112,5.0,0.0,0.0,0.0,,,,,,,,1.0
0.800000,0.531576,0.605532,5.0,0.0,0.0,0.0,,,,,,,,1.0
0.799834,0.779143,0.666738,3.0,113.562014,826.014362,113.562014,,,,,,,,1.0
0.800000,0.999997,0.780927,5.0,109.59861,709.271941,109.59861,,,,,,,,1.0
0.728986,0.852652,0.684194,5.0,115.82942,920.218815,115.82942,,,,,,,,1.0
0.790491,1.05,1.080642,6.0,0.0,0.0,0.0,,,,,,,,1.0
0.800000,0.841624,0.688447,5.0,107.476699,773.548658,107.476699,,,,,,,,1.0
0.800000,0.970724,0.86999,3.0,116.289384,675.753586,116.289384,,,,,,,,1.0
0.754683,0.941845,0.732054,7.0,114.934826,800.308065,114.934826,,,,,,,,1.0
0.786188,1.008455,0.729745,5.0,111.219588,769.856529,111.219588,,,,,,,,1.0
0.753917,1.05,0.818815,7.0,117.315455,742.762327,117.315455,,,,,,,,1.0
fitness at iteration,8,,,,,112.200252,,,,,,,,1.0
0.800000,0.897124,0.656775,6.0,108.249054,788.966605,108.249054,,,,,,,,1.0
0.791613,0.790654,0.738308,5.0,107.944536,749.960455,107.944536,,,,,,,,1.0
0.800000,0.878855,0.803565,5.0,108.518075,694.114769,108.518075,,,,,,,,1.0
0.772246,0.863225,0.776763,7.0,111.818887,735.11908,111.818887,,,,,,,,1.0
0.754981,1.021711,0.658925,7.0,116.793512,867.955371,116.793512,,,,,,,,1.0
0.790624,0.890092,0.713227,7.0,110.249558,748.280739,110.249558,,,,,,,,1.0
0.800000,0.737116,0.72422,5.0,0.0,0.0,0.0,,,,,,,,1.0
0.763985,1.05,0.758465,6.0,114.275672,777.063774,114.275672,,,,,,,,1.0
0.799834,0.720263,0.507391,5.0,0.0,0.0,0.0,,,,,,,,1.0
0.721379,0.957167,0.690852,6.0,117.930266,920.022972,117.930266,,,,,,,,1.0
0.732481,1.05,0.862175,5.0,119.299247,775.934988,119.299247,,,,,,,,1.0
0.763747,1.05,0.815626,7.0,116.065206,727.385479,116.065206,,,,,,,,1.0
0.783898,0.783048,0.754816,3.0,115.976435,782.826537,115.976435,,,,,,,,1.0
0.800000,0.871344,0.57465,6.0,109.987827,869.246054,109.987827,,,,,,,,1.0
0.790491,0.791027,0.641172,7.0,110.215997,804.492524,110.215997,,,,,,,,1.0
0.800000,1.05,0.6775,5.0,111.203738,791.768857,111.203738,,,,,,,,1.0
0.733325,0.774914,0.68246,6.0,0.0,0.0,0.0,,,,,,,,1.0
0.736487,0.844381,0.618141,7.0,116.873055,940.463026,116.873055,,,,,,,,1.0
0.773747,0.585386,0.637239,7.0,0.0,0.0,0.0,,,,,,,,1.0
0.800000,0.858864,0.646693,4.0,110.622993,826.823942,110.622993,,,,,,,,1.0
0.800000,0.786177,0.599625,4.0,110.19622,870.389282,110.19622,,,,,,,,1.0
0.799834,0.779143,0.712683,5.0,106.824875,754.057896,106.824875,,,,,,,,1.0
0.721670,0.999997,0.780927,6.0,118.851252,842.82257,118.851252,,,,,,,,1.0
0.776397,0.792037,0.684194,5.0,109.442509,818.896392,109.442509,,,,,,,,1.0
0.800000,1.039524,0.665132,6.0,110.692488,789.084195,110.692488,,,,,,,,1.0
0.800000,0.841624,0.688447,5.0,107.476699,773.548658,107.476699,,,,,,,,1.0
0.800000,0.970724,0.86999,6.0,109.792187,647.291672,109.792187,,,,,,,,1.0
0.776397,0.941845,0.732054,6.0,110.932174,771.17989,110.932174,,,,,,,,1.0
0.800000,1.05,0.743777,7.0,111.844104,714.922747,111.844104,,,,,,,,1.0
0.800000,1.05,0.818815,6.0,110.405781,676.077181,110.405781,,,,,,,,1.0
fitness at iteration,9,,,,,110.405781,,,,,,,,1.0
0.800000,0.897124,0.670807,6.0,108.076269,776.868731,108.076269,,,,,,,,1.0
0.791613,0.862949,0.738308,5.0,108.658526,750.644918,108.658526,,,,,,,,1.0
0.799220,0.719089,0.803565,5.0,0.0,0.0,0.0,,,,,,,,1.0
0.782431,0.752785,0.776763,7.0,0.0,0.0,0.0,,,,,,,,1.0
0.785298,1.021711,0.612377,5.0,114.311268,884.7989,114.311268,,,,,,,,1.0
0.790624,0.920727,0.813873,7.0,110.602484,682.360485,110.602484,,,,,,,,1.0
0.800000,0.780181,0.634909,5.0,107.210764,817.220098,107.210764,,,,,,,,1.0
0.798944,1.05,0.885673,7.0,112.273451,632.668401,112.273451,,,,,,,,1.0
0.781118,0.81729,0.516495,7.0,0.0,0.0,0.0,,,,,,,,1.0
0.777742,0.987948,0.690852,6.0,111.712223,803.830263,111.712223,,,,,,,,1.0
0.732481,0.855845,0.682514,6.0,115.048765,898.516514,115.048765,,,,,,,,1.0
0.800000,1.004428,0.812956,4.0,111.912825,699.595045,111.912825,,,,,,,,1.0
0.783898,0.783048,0.754816,3.0,115.976435,782.826537,115.976435,,,,,,,,1.0
0.800000,0.988946,0.815113,3.0,115.885296,709.438264,115.885296,,,,,,,,1.0
0.800000,0.791027,0.814677,4.0,0.0,0.0,0.0,,,,,,,,1.0
0.800000,0.727387,0.852382,3.0,0.0,0.0,0.0,,,,,,,,1.0
0.800000,0.978668,0.68246,7.0,110.786012,759.40193,110.786012,,,,,,,,1.0
0.772246,0.67,0.665602,7.0,0.0,0.0,0.0,,,,,,,,1.0
0.773747,0.844325,0.836836,2.0,126.15498,756.498135,126.15498,,,,,,,,1.0
0.800000,0.858864,0.896296,5.0,0.0,0.0,0.0,,,,,,,,1.0
0.781118,0.910585,0.599625,7.0,113.037868,869.250839,113.037868,,,,,,,,1.0
0.799834,0.779143,0.663804,5.0,106.906113,792.27553,106.906113,,,,,,,,1.0
0.800000,0.999997,0.673289,7.0,111.259381,768.133537,111.259381,,,,,,,,1.0
0.776397,0.670074,0.646175,6.0,0.0,0.0,0.0,,,,,,,,1.0
0.800000,0.865042,0.644504,6.0,108.008987,798.395537,108.008987,,,,,,,,1.0
0.800000,0.841624,0.833079,5.0,108.706602,677.439673,108.706602,,,,,,,,1.0
0.800000,0.990788,0.791815,7.0,110.647814,681.735823,110.647814,,,,,,,,1.0
0.776397,1.05,0.852067,6.0,113.436999,694.034859,113.436999,,,,,,,,1.0
0.800000,1.008455,0.729745,7.0,111.035695,723.668727,111.035695,,,,,,,,1.0
0.800000,1.05,0.818815,4.0,112.200252,695.916717,112.200252,,,,,,,,1.0
fitness at iteration,10,,,,,110.405781,,,,,,,,1.0
0.799867,0.897124,0.670807,6.0,108.090337,777.101454,108.090337,,,,,,,,1.0
0.799834,0.790654,0.831089,5.0,0.0,0.0,0.0,,,,,,,,1.0
0.800000,0.878855,0.803565,5.0,108.518075,694.114769,108.518075,,,,,,,,1.0
0.799867,0.772905,0.776763,4.0,0.0,0.0,0.0,,,,,,,,1.0
0.785298,1.021711,0.728114,4.0,113.861029,786.674589,113.861029,,,,,,,,1.0
0.790624,0.893741,0.713227,7.0,110.291588,748.359208,110.291588,,,,,,,,1.0
0.800000,0.724461,0.557929,5.0,108.571185,891.756848,108.571185,,,,,,,,1.0
0.798944,0.69115,0.628656,6.0,0.0,0.0,0.0,,,,,,,,1.0
0.754194,0.841267,0.706527,7.0,113.765184,819.300448,113.765184,,,,,,,,1.0
0.764192,0.813972,0.690852,7.0,112.491242,812.048828,112.491242,,,,,,,,1.0
0.800000,0.855845,0.682514,6.0,107.464961,765.772613,107.464961,,,,,,,,1.0
0.800000,1.004428,0.815626,7.0,110.941965,667.78424,110.941965,,,,,,,,1.0
0.785852,0.863297,0.617738,3.0,118.406059,906.219924,118.406059,,,,,,,,1.0
0.800000,1.05,0.815113,6.0,110.372669,678.264152,110.372669,,,,,,,,1.0
0.772246,0.963683,0.641172,7.0,113.956055,847.117438,113.956055,,,,,,,,1.0
0.777797,0.727387,0.721651,5.0,0.0,0.0,0.0,,,,,,,,1.0
0.800000,0.862294,0.68246,5.0,107.780018,779.040672,107.780018,,,,,,,,1.0
0.792499,0.844381,0.606381,7.0,111.076238,835.934183,111.076238,,,,,,,,1.0
0.785298,0.813949,0.671168,5.0,108.782193,813.683472,108.782193,,,,,,,,1.0
0.769096,0.829024,0.807473,5.0,0.0,0.0,0.0,,,,,,,,1.0
0.800000,0.842747,0.646528,7.0,109.515167,784.611227,109.515167,,,,,,,,1.0
0.799834,0.779143,0.712683,5.0,106.824875,754.057896,106.824875,,,,,,,,1.0
0.800000,0.862932,0.780927,5.0,108.093155,708.015166,108.093155,,,,,,,,1.0
0.776397,0.792037,0.663809,5.0,109.538737,836.452262,109.538737,,,,,,,,1.0
0.800000,1.012502,0.707614,6.0,109.629899,751.372773,109.629899,,,,,,,,1.0
0.800000,0.69014,0.585634,5.0,107.204773,860.032554,107.204773,,,,,,,,1.0
0.800000,0.970724,0.86999,7.0,110.632994,638.278478,110.632994,,,,,,,,1.0
0.800000,0.941845,0.860668,6.0,109.306556,652.034903,109.306556,,,,,,,,1.0
0.773126,1.008455,0.684823,4.0,115.788753,848.295653,115.788753,,,,,,,,1.0
0.792393,0.800003,0.730427,6.0,107.599625,741.838044,107.599625,,,,,,,,1.0
fitness at iteration,11,,,,,107.599625,,,,,,,,1.0
0.788792,0.897124,0.578094,6.0,111.395889,889.766994,111.395889,,,,,,,,1.0
0.791613,0.871864,0.738122,5.0,108.746902,750.882139,108.746902,,,,,,,,1.0
0.800000,0.8154,0.803565,4.0,110.520215,706.880791,110.520215,,,,,,,,1.0
0.799155,1.045091,0.776763,7.0,111.785065,693.699911,111.785065,,,,,,,,1.0
0.791780,0.641818,0.625814,4.0,0.0,0.0,0.0,,,,,,,,1.0
0.800000,0.890092,0.713227,7.0,109.275714,732.555316,109.275714,,,,,,,,1.0
0.800000,0.737116,0.738586,4.0,0.0,0.0,0.0,,,,,,,,1.0
0.787119,1.05,0.796952,3.0,117.387591,742.661026,117.387591,,,,,,,,1.0
0.800000,0.81729,0.677105,7.0,108.885084,758.395703,108.885084,,,,,,,,1.0
0.800000,1.028566,0.914383,5.0,111.620992,634.074122,111.620992,,,,,,,,1.0
0.791613,0.673695,0.603439,6.0,0.0,0.0,0.0,,,,,,,,1.0
0.800000,1.004428,0.815626,7.0,110.941965,667.78424,110.941965,,,,,,,,1.0
0.800000,0.783048,0.754816,4.0,109.455161,738.55903,109.455161,,,,,,,,1.0
0.792393,0.807786,0.815113,6.0,0.0,0.0,0.0,,,,,,,,1.0
0.800000,0.88603,0.570318,5.0,111.229334,891.719298,111.229334,,,,,,,,1.0
0.800000,0.700884,0.6775,7.0,0.0,0.0,0.0,,,,,,,,1.0
0.800000,0.774914,0.864841,3.0,0.0,0.0,0.0,,,,,,,,1.0
0.800000,0.844381,0.606381,7.0,110.346347,822.009922,110.346347,,,,,,,,1.0
0.793290,0.784871,0.664922,6.0,107.634389,789.765994,107.634389,,,,,,,,1.0
0.800000,0.858864,0.759173,5.0,107.851007,722.114148,107.851007,,,,,,,,1.0
0.800000,0.842747,0.646528,6.0,107.713582,795.576153,107.713582,,,,,,,,1.0
0.799834,0.779143,0.712683,5.0,106.824875,754.057896,106.824875,,,,,,,,1.0
0.800000,0.862932,0.839815,5.0,108.972765,673.518482,108.972765,,,,,,,,1.0
0.776397,0.87644,0.684194,5.0,110.500379,821.306001,110.500379,,,,,,,,1.0
0.800000,0.865042,0.956164,6.0,0.0,0.0,0.0,,,,,,,,1.0
0.800000,0.69014,0.7434,7.0,0.0,0.0,0.0,,,,,,,,1.0
0.800000,0.970724,0.670341,6.0,109.237281,780.591287,109.237281,,,,,,,,1.0
0.800000,0.865429,0.658432,7.0,109.542272,775.190952,109.542272,,,,,,,,1.0
0.800000,1.008455,0.63111,7.0,111.977925,807.559549,111.977925,,,,,,,,1.0
0.778730,0.800003,0.571162,6.0,111.301447,910.157716,111.301447,,,,,,,,1.0
fitness at iteration,12,,,,,107.599625,,,,,,,,1.0
0.793238,0.529937,0.670807,6.0,0.0,0.0,0.0,,,,,,,,1.0
0.791613,0.790654,0.746363,3.0,115.044001,775.189314,115.044001,,,,,,,,1.0
0.800000,1.034249,0.803565,5.0,110.164503,695.117233,110.164503,,,,,,,,1.0
0.799155,1.045091,0.776763,5.0,110.287434,714.293288,110.287434,,,,,,,,1.0
0.785298,1.021711,0.728114,7.0,112.901788,750.002911,112.901788,,,,,,,,1.0
0.800000,0.890092,0.713227,7.0,109.275714,732.555316,109.275714,,,,,,,,1.0
0.800000,0.932326,0.70734,6.0,108.296224,748.663401,108.296224,,,,,,,,1.0
0.793290,0.976809,0.810984,6.0,109.937935,690.097203,109.937935,,,,,,,,1.0
0.800000,0.81729,0.677105,6.0,107.11239,768.942363,107.11239,,,,,,,,1.0
0.792393,0.785169,0.690852,7.0,109.295446,760.101597,109.295446,,,,,,,,1.0
0.800000,0.855845,0.682514,4.0,110.096493,794.352649,110.096493,,,,,,,,1.0
0.792393,1.004428,0.815626,7.0,111.787183,679.459855,111.787183,,,,,,,,1.0
0.800000,0.783048,0.754816,4.0,109.455161,738.55903,109.455161,,,,,,,,1.0
0.800000,0.988946,0.815113,6.0,109.411282,677.353002,109.411282,,,,,,,,1.0
0.790491,0.791027,0.859222,7.0,0.0,0.0,0.0,,,,,,,,1.0
0.800000,0.727387,0.6775,5.0,106.333567,779.642956,106.333567,,,,,,,,1.0
0.800000,0.774914,0.674353,5.0,106.787956,783.189409,106.787956,,,,,,,,1.0
0.800000,0.985018,0.829643,6.0,109.493953,668.965525,109.493953,,,,,,,,1.0
0.793290,0.784871,0.664922,6.0,107.634389,789.765994,107.634389,,,,,,,,1.0
0.800000,0.736817,0.711273,3.0,112.845466,787.93919,112.845466,,,,,,,,1.0
0.800000,0.842747,0.549315,6.0,110.715966,896.2479,110.715966,,,,,,,,1.0
0.799834,0.960816,0.712683,6.0,108.72939,745.774463,108.72939,,,,,,,,1.0
0.785298,1.001345,0.752576,7.0,112.438494,731.439365,112.438494,,,,,,,,1.0
0.776397,0.792037,0.81651,5.0,0.0,0.0,0.0,,,,,,,,1.0
0.800000,1.05,0.673488,6.0,110.786847,782.119201,110.786847,,,,,,,,1.0
0.800000,0.69014,0.795127,5.0,0.0,0.0,0.0,,,,,,,,1.0
0.800000,0.970724,0.670341,6.0,109.237281,780.591287,109.237281,,,,,,,,1.0
0.790359,0.787903,0.860668,6.0,0.0,0.0,0.0,,,,,,,,1.0
0.792393,0.658954,0.729745,7.0,0.0,0.0,0.0,,,,,,,,1.0
0.799324,0.822972,0.640156,4.0,110.096975,832.768187,110.096975,,,,,,,,1.0
fitness at iteration,13,,,,,107.599625,,,,,,,,1.0
0.800000,0.897124,0.709341,7.0,109.380586,735.583245,109.380586,,,,,,,,1.0
0.791613,0.754645,0.738308,5.0,0.0,0.0,0.0,,,,,,,,1.0
0.800000,0.671383,0.803565,5.0,0.0,0.0,0.0,,,,,,,,1.0
0.800000,1.045091,0.776763,5.0,110.191041,712.925151,110.191041,,,,,,,,1.0
0.799867,0.825328,0.710977,7.0,108.645867,733.174469,108.645867,,,,,,,,1.0
0.800000,0.890092,0.662015,7.0,109.746318,773.040395,109.746318,,,,,,,,1.0
0.800000,0.737116,0.69403,5.0,106.405357,767.076268,106.405357,,,,,,,,1.0
0.800000,0.868946,0.810984,5.0,108.540823,689.751543,108.540823,,,,,,,,1.0
0.800000,0.81729,0.791646,6.0,107.274997,690.268632,107.274997,,,,,,,,1.0
0.800000,0.785169,0.690852,6.0,106.761531,757.446318,106.761531,,,,,,,,1.0
0.800000,0.855845,0.682514,6.0,107.464961,765.772613,107.464961,,,,,,,,1.0
0.791613,1.004428,0.815626,7.0,111.879219,680.684124,111.879219,,,,,,,,1.0
0.800000,0.783048,0.754816,4.0,109.455161,738.55903,109.455161,,,,,,,,1.0
0.800000,0.870486,0.815113,6.0,107.970815,676.660434,107.970815,,,,,,,,1.0
0.790491,0.791027,0.641172,7.0,110.215997,804.492524,110.215997,,,,,,,,1.0
0.800000,0.930794,0.772685,5.0,108.71293,713.790206,108.71293,,,,,,,,1.0
0.800000,0.69177,0.604737,5.0,106.780431,841.443167,106.780431,,,,,,,,1.0
0.793290,0.764505,0.689383,6.0,107.318389,769.797519,107.318389,,,,,,,,1.0
0.793290,0.707892,0.586355,6.0,108.669814,858.375009,108.669814,,,,,,,,1.0
0.793290,0.789226,0.711273,5.0,107.60144,766.535079,107.60144,,,,,,,,1.0
0.800000,0.842747,0.646528,6.0,107.713582,795.576153,107.713582,,,,,,,,1.0
0.799834,0.779143,0.848678,5.0,0.0,0.0,0.0,,,,,,,,1.0
0.800000,0.862932,0.693987,5.0,107.721231,769.69694,107.721231,,,,,,,,1.0
0.776397,0.71976,0.618015,6.0,109.652844,861.235788,109.652844,,,,,,,,1.0
0.800000,0.865042,0.665132,6.0,107.726051,780.389933,107.726051,,,,,,,,1.0
0.793290,0.69014,0.749058,4.0,0.0,0.0,0.0,,,,,,,,1.0
0.800000,0.970724,0.670341,6.0,109.237281,780.591287,109.237281,,,,,,,,1.0
0.800000,0.931423,0.696116,6.0,108.344529,757.419228,108.344529,,,,,,,,1.0
0.800000,1.01921,0.719522,7.0,111.296216,731.644209,111.296216,,,,,,,,1.0
0.792393,0.800003,0.730427,6.0,107.599625,741.838044,107.599625,,,,,,,,1.0
fitness at iteration,14,,,,,107.599625,,,,,,,,1.0
0.793914,0.807404,0.756602,6.0,107.590285,721.730945,107.590285,,,,,,,,1.0
0.800000,0.790654,0.824309,5.0,0.0,0.0,0.0,,,,,,,,1.0
0.800000,0.625762,0.737277,6.0,0.0,0.0,0.0,,,,,,,,1.0
0.774408,0.641921,0.676004,5.0,0.0,0.0,0.0,,,,,,,,1.0
0.799867,0.825328,0.746142,7.0,108.479091,708.952913,108.479091,,,,,,,,1.0
0.793396,0.656354,0.713227,4.0,0.0,0.0,0.0,,,,,,,,1.0
0.799867,0.737116,0.69998,5.0,106.42851,762.855294,106.42851,,,,,,,,1.0
0.800000,0.868946,0.810984,7.0,108.919408,669.388425,108.919408,,,,,,,,1.0
0.795859,0.81729,0.644889,6.0,107.888972,803.407815,107.888972,,,,,,,,1.0
0.800000,0.785169,0.549251,4.0,112.411659,928.346555,112.411659,,,,,,,,1.0
0.800000,0.855845,0.682514,7.0,109.156798,755.123609,109.156798,,,,,,,,1.0
0.800000,0.592142,0.815626,7.0,0.0,0.0,0.0,,,,,,,,1.0
0.800000,0.783048,0.701926,5.0,106.819737,761.805879,106.819737,,,,,,,,1.0
0.800000,0.870486,0.63553,6.0,108.228821,806.851892,108.228821,,,,,,,,1.0
0.790491,0.791027,0.641172,5.0,108.242406,829.711823,108.242406,,,,,,,,1.0
0.781118,0.727387,0.705393,7.0,0.0,0.0,0.0,,,,,,,,1.0
0.800000,0.774914,0.766127,5.0,0.0,0.0,0.0,,,,,,,,1.0
0.793290,0.981263,0.854939,6.0,110.479061,665.231936,110.479061,,,,,,,,1.0
0.799867,0.784871,0.853667,6.0,0.0,0.0,0.0,,,,,,,,1.0
0.800000,0.789226,0.848986,4.0,0.0,0.0,0.0,,,,,,,,1.0
0.800000,0.842747,0.771091,6.0,107.333086,702.798978,107.333086,,,,,,,,1.0
0.788422,0.738761,0.712683,6.0,0.0,0.0,0.0,,,,,,,,1.0
0.800000,0.862932,0.786162,6.0,107.623578,693.591904,107.623578,,,,,,,,1.0
0.776397,0.792037,0.629431,5.0,109.922877,868.450256,109.922877,,,,,,,,1.0
0.800000,0.865042,0.758007,5.0,107.89674,722.927617,107.89674,,,,,,,,1.0
0.800000,1.05,0.840123,5.0,110.669023,673.175931,110.669023,,,,,,,,1.0
0.800000,0.800518,0.670341,6.0,107.029445,773.916153,107.029445,,,,,,,,1.0
0.800000,0.632047,0.543292,6.0,0.0,0.0,0.0,,,,,,,,1.0
0.800000,1.008455,0.729745,5.0,109.7033,746.026055,109.7033,,,,,,,,1.0
0.800000,0.800003,0.721925,6.0,106.806454,735.021575,106.806454,,,,,,,,1.0
fitness at iteration,15,,,,,106.806454,,,,,,,,1.0
0.793914,0.807404,0.675618,6.0,107.656845,780.528086,107.656845,,,,,,,,1.0
0.791613,0.665044,0.738308,4.0,0.0,0.0,0.0,,,,,,,,1.0
0.771029,0.596877,0.803565,6.0,0.0,0.0,0.0,,,,,,,,1.0
0.800000,0.790877,0.761616,5.0,107.263917,720.272145,107.263917,,,,,,,,1.0
0.799867,0.920565,0.746142,5.0,108.460982,732.00889,108.460982,,,,,,,,1.0
0.800000,0.890092,0.713227,7.0,109.275714,732.555316,109.275714,,,,,,,,1.0
0.785123,0.712285,0.69403,5.0,0.0,0.0,0.0,,,,,,,,1.0
0.800000,0.868946,0.764782,5.0,107.996494,718.46389,107.996494,,,,,,,,1.0
0.800000,0.757437,0.755244,6.0,0.0,0.0,0.0,,,,,,,,1.0
0.800000,0.916037,0.810949,6.0,108.417354,679.155975,108.417354,,,,,,,,1.0
0.800000,0.805259,0.682514,6.0,106.967846,764.335425,106.967846,,,,,,,,1.0
0.800000,1.004428,0.777346,6.0,109.415138,700.93806,109.415138,,,,,,,,1.0
0.800000,0.837133,0.609156,5.0,108.621689,845.035777,108.621689,,,,,,,,1.0
0.800000,0.870486,0.683374,6.0,107.626913,765.551156,107.626913,,,,,,,,1.0
0.800000,0.81516,0.761713,6.0,107.029912,708.560011,107.029912,,,,,,,,1.0
0.800000,0.727387,0.6775,4.0,108.175834,795.934965,108.175834,,,,,,,,1.0
0.800000,0.774914,0.68246,5.0,106.747325,776.669293,106.747325,,,,,,,,1.0
0.800000,0.764505,0.668974,6.0,106.771918,774.029299,106.771918,,,,,,,,1.0
0.793290,0.775461,0.664922,6.0,107.568492,789.50306,107.568492,,,,,,,,1.0
0.793290,0.789226,0.759372,5.0,107.947099,732.8447,107.947099,,,,,,,,1.0
0.800000,0.842747,0.792666,6.0,107.48808,689.639235,107.48808,,,,,,,,1.0
0.799834,0.93019,0.741814,5.0,108.580361,735.340611,108.580361,,,,,,,,1.0
0.800000,0.862932,0.834817,5.0,108.891609,676.271487,108.891609,,,,,,,,1.0
0.793290,0.792037,0.618616,5.0,108.346328,845.755348,108.346328,,,,,,,,1.0
0.800000,0.865042,0.712381,6.0,107.413172,743.015985,107.413172,,,,,,,,1.0
0.799867,0.858349,0.585634,5.0,109.86353,871.848079,109.86353,,,,,,,,1.0
0.800000,1.05,0.670341,6.0,110.836777,784.960214,110.836777,,,,,,,,1.0
0.800000,0.931423,0.743289,6.0,108.226174,722.311184,108.226174,,,,,,,,1.0
0.800000,0.724599,0.708439,5.0,0.0,0.0,0.0,,,,,,,,1.0
0.799867,0.800003,0.699457,6.0,106.851506,751.487572,106.851506,,,,,,,,1.0
fitness at iteration,16,,,,,106.806454,,,,,,,,1.0
0.793290,0.807404,0.756602,6.0,107.659914,722.768675,107.659914,,,,,,,,1.0
0.800000,0.790654,0.738308,5.0,107.049742,735.762138,107.049742,,,,,,,,1.0
0.794632,0.878855,0.669455,5.0,108.695756,800.261909,108.695756,,,,,,,,1.0
0.800000,0.790877,0.761616,5.0,107.263917,720.272145,107.263917,,,,,,,,1.0
0.799867,0.891379,0.746142,5.0,108.116607,731.553802,108.116607,,,,,,,,1.0
0.800000,0.890092,0.749899,5.0,108.103655,728.6987,108.103655,,,,,,,,1.0
0.800000,0.737116,0.69403,5.0,106.405357,767.076268,106.405357,,,,,,,,1.0
0.793290,0.768743,0.764782,4.0,0.0,0.0,0.0,,,,,,,,1.0
0.800000,0.871913,0.677105,5.0,107.954891,783.827138,107.954891,,,,,,,,1.0
0.800000,0.785169,0.690852,5.0,106.839297,770.312877,106.839297,,,,,,,,1.0
0.800000,0.805259,0.70464,6.0,106.868072,747.52706,106.868072,,,,,,,,1.0
0.799894,1.05,0.777346,4.0,112.192557,724.128347,112.192557,,,,,,,,1.0
0.793290,0.733532,0.624343,4.0,109.275255,855.827902,109.275255,,,,,,,,1.0
0.793158,0.703619,0.623243,6.0,107.791833,823.372297,107.791833,,,,,,,,1.0
0.793290,0.711774,0.761713,5.0,0.0,0.0,0.0,,,,,,,,1.0
0.800000,0.727387,0.683425,5.0,106.335692,775.0491,106.335692,,,,,,,,1.0
0.800000,0.774914,0.805847,5.0,0.0,0.0,0.0,,,,,,,,1.0
0.800000,0.764505,0.767872,4.0,0.0,0.0,0.0,,,,,,,,1.0
0.793290,0.775461,0.737214,5.0,107.635482,747.788662,107.635482,,,,,,,,1.0
0.800000,0.787146,0.665097,5.0,106.960265,791.118145,106.960265,,,,,,,,1.0
0.800000,0.842747,0.741137,6.0,107.201996,722.311184,107.201996,,,,,,,,1.0
0.800000,0.779143,0.647087,5.0,107.040842,806.298938,107.040842,,,,,,,,1.0
0.799834,0.862932,0.786162,5.0,108.178936,705.01552,108.178936,,,,,,,,1.0
0.793290,0.719574,0.682487,5.0,0.0,0.0,0.0,,,,,,,,1.0
0.793914,0.865042,0.712381,7.0,109.626554,742.795675,109.626554,,,,,,,,1.0
0.800000,0.69014,0.656581,4.0,0.0,0.0,0.0,,,,,,,,1.0
0.800000,0.786412,0.670341,5.0,106.929638,786.768273,106.929638,,,,,,,,1.0
0.800000,0.672924,0.67402,6.0,0.0,0.0,0.0,,,,,,,,1.0
0.800000,1.008455,0.700478,5.0,109.959471,769.529129,109.959471,,,,,,,,1.0
0.800000,1.05,0.751458,6.0,110.178706,719.758067,110.178706,,,,,,,,1.0
fitness at iteration,17,,,,,106.806454,,,,,,,,1.0
0.793290,0.807404,0.756602,6.0,107.659914,722.768675,107.659914,,,,,,,,1.0
0.800000,0.790654,0.738308,7.0,108.227471,713.693985,108.227471,,,,,,,,1.0
0.800000,0.878453,0.718045,5.0,107.872438,751.452758,107.872438,,,,,,,,1.0
0.793914,0.790877,0.761616,5.0,107.919288,730.331807,107.919288,,,,,,,,1.0
0.799867,0.891379,0.746142,5.0,108.116607,731.553802,108.116607,,,,,,,,1.0
0.799834,0.890092,0.749899,5.0,108.129791,728.988378,108.129791,,,,,,,,1.0
0.793290,0.788758,0.648079,5.0,107.828754,818.101664,107.828754,,,,,,,,1.0
0.799834,0.837699,0.723406,4.0,109.805434,761.430955,109.805434,,,,,,,,1.0
0.800000,1.020551,0.677105,6.0,110.097231,777.239388,110.097231,,,,,,,,1.0
0.799867,0.859581,0.690852,6.0,107.456644,759.490721,107.456644,,,,,,,,1.0
0.800000,0.932844,0.782005,5.0,108.813532,707.731231,108.813532,,,,,,,,1.0
0.800000,0.931192,0.707018,6.0,108.281248,748.875194,108.281248,,,,,,,,1.0
0.800000,0.783048,0.701926,4.0,109.003565,777.125302,109.003565,,,,,,,,1.0
0.800000,0.870486,0.683374,6.0,107.626913,765.551156,107.626913,,,,,,,,1.0
0.800000,0.81516,0.699816,6.0,106.960204,751.292806,106.960204,,,,,,,,1.0
0.800000,0.727387,0.740675,6.0,0.0,0.0,0.0,,,,,,,,1.0
0.800000,0.849787,0.757956,5.0,107.747511,722.85359,107.747511,,,,,,,,1.0
0.800000,0.764505,0.668974,6.0,106.771918,774.029299,106.771918,,,,,,,,1.0
0.799834,0.775461,0.664922,6.0,106.897262,777.873166,106.897262,,,,,,,,1.0
0.800000,0.787146,0.660228,5.0,106.996824,795.217664,106.996824,,,,,,,,1.0
0.800000,0.619653,0.741137,6.0,0.0,0.0,0.0,,,,,,,,1.0
0.799834,0.779143,0.745836,5.0,107.034954,730.900148,107.034954,,,,,,,,1.0
0.800000,0.862932,0.679221,5.0,107.810912,781.743877,107.810912,,,,,,,,1.0
0.793290,0.792037,0.719451,5.0,107.657267,760.525824,107.657267,,,,,,,,1.0
0.800000,0.865042,0.712381,5.0,107.712871,755.446853,107.712871,,,,,,,,1.0
0.800000,0.69014,0.701457,5.0,0.0,0.0,0.0,,,,,,,,1.0
0.800000,0.954582,0.670341,5.0,109.390385,793.162607,109.390385,,,,,,,,1.0
0.800000,0.866676,0.811832,6.0,107.900347,678.524931,107.900347,,,,,,,,1.0
0.800000,0.706018,0.649259,5.0,106.304453,802.145435,106.304453,,,,,,,,1.0
0.800000,0.868222,0.721925,6.0,107.43419,736.120186,107.43419,,,,,,,,1.0
fitness at iteration,18,,,,,106.806454,,,,,,,,1.0
0.793914,0.752734,0.643364,5.0,107.408189,819.833529,107.408189,,,,,,,,1.0
0.800000,0.790654,0.719782,4.0,109.180531,763.508729,109.180531,,,,,,,,1.0
0.800000,0.878453,0.75604,5.0,108.027084,724.386578,108.027084,,,,,,,,1.0
0.800000,0.790877,0.761616,5.0,107.263917,720.272145,107.263917,,,,,,,,1.0
0.800000,0.896951,0.746142,6.0,107.788732,719.684688,107.788732,,,,,,,,1.0
0.800000,0.890092,0.734346,5.0,108.044999,739.694084,108.044999,,,,,,,,1.0
0.793290,0.737116,0.69403,5.0,107.104602,778.871477,107.104602,,,,,,,,1.0
0.800000,0.868946,0.764782,6.0,107.543206,706.975183,107.543206,,,,,,,,1.0
0.800000,0.81729,0.677105,5.0,107.233746,782.061436,107.233746,,,,,,,,1.0
0.800000,0.853637,0.690852,4.0,110.017075,787.265488,110.017075,,,,,,,,1.0
0.800000,0.721551,0.70464,6.0,0.0,0.0,0.0,,,,,,,,1.0
0.800000,0.931192,0.636799,5.0,109.652287,823.320178,109.652287,,,,,,,,1.0
0.800000,0.783048,0.719585,5.0,106.868922,748.822235,106.868922,,,,,,,,1.0
0.800000,0.839282,0.831689,5.0,108.66021,678.220708,108.66021,,,,,,,,1.0
0.800000,0.81516,0.699816,7.0,108.642211,740.962234,108.642211,,,,,,,,1.0
0.800000,0.91791,0.6775,5.0,108.656092,785.251274,108.656092,,,,,,,,1.0
0.799834,0.774914,0.68246,4.0,108.866525,792.898342,108.866525,,,,,,,,1.0
0.800000,0.81058,0.668974,6.0,107.117734,775.304471,107.117734,,,,,,,,1.0
0.799834,0.916744,0.664922,6.0,108.434352,783.020454,108.434352,,,,,,,,1.0
0.800000,0.641564,0.665097,5.0,0.0,0.0,0.0,,,,,,,,1.0
0.800000,0.916378,0.741137,7.0,109.494926,713.285336,109.494926,,,,,,,,1.0
0.799834,1.015693,0.81831,6.0,109.856778,676.076805,109.856778,,,,,,,,1.0
0.800000,0.970026,0.786162,7.0,110.27797,684.86649,110.27797,,,,,,,,1.0
0.799867,0.720115,0.606314,4.0,108.632081,860.198888,108.632081,,,,,,,,1.0
0.800000,0.865042,0.712381,6.0,107.413172,743.015985,107.413172,,,,,,,,1.0
0.800000,0.844958,0.585634,5.0,109.567195,870.496614,109.567195,,,,,,,,1.0
0.800000,0.786412,0.670341,5.0,106.929638,786.768273,106.929638,,,,,,,,1.0
0.800000,0.687048,0.617478,4.0,107.857755,847.741949,107.857755,,,,,,,,1.0
0.800000,0.814338,0.828096,5.0,0.0,0.0,0.0,,,,,,,,1.0
0.800000,0.800003,0.738987,5.0,107.136095,735.353367,107.136095,,,,,,,,1.0
fitness at iteration,19,,,,,106.806454,,,,,,,,1.0
0.799834,0.752734,0.750368,5.0,0.0,0.0,0.0,,,,,,,,1.0
0.800000,0.807872,0.666735,5.0,107.20057,790.409496,107.20057,,,,,,,,1.0
0.800000,0.666897,0.676178,5.0,0.0,0.0,0.0,,,,,,,,1.0
0.799834,0.753447,0.723681,5.0,106.660913,745.958313,106.660913,,,,,,,,1.0
0.800000,0.896951,0.582682,5.0,110.863015,878.258268,110.863015,,,,,,,,1.0
0.800000,0.826638,0.677245,5.0,107.352756,782.234759,107.352756,,,,,,,,1.0
0.800000,0.737116,0.731644,5.0,0.0,0.0,0.0,,,,,,,,1.0
0.800000,0.868946,0.764782,7.0,108.860586,697.03909,108.860586,,,,,,,,1.0
0.800000,0.81729,0.568529,6.0,109.493885,871.607261,109.493885,,,,,,,,1.0
0.800000,0.776955,0.708715,6.0,106.652788,744.112495,106.652788,,,,,,,,1.0
0.800000,0.855285,0.70464,6.0,107.34064,748.584009,107.34064,,,,,,,,1.0
0.800000,0.931192,0.707018,6.0,108.281248,748.875194,108.281248,,,,,,,,1.0
0.800000,0.783048,0.701926,5.0,106.819737,761.805879,106.819737,,,,,,,,1.0
0.800000,0.870486,0.731091,5.0,107.808438,741.714823,107.808438,,,,,,,,1.0
0.800000,0.81516,0.66308,6.0,107.229519,780.332423,107.229519,,,,,,,,1.0
0.800000,0.727387,0.6775,5.0,106.333567,779.642956,106.333567,,,,,,,,1.0
0.800000,0.72772,0.68246,5.0,106.332813,775.787296,106.332813,,,,,,,,1.0
0.793914,0.823203,0.668974,5.0,107.992457,799.93809,107.992457,,,,,,,,1.0
0.799834,0.775461,0.73541,6.0,106.656602,725.79106,106.656602,,,,,,,,1.0
0.793914,0.787146,0.678089,5.0,107.525215,791.301181,107.525215,,,,,,,,1.0
0.800000,0.842747,0.746111,6.0,107.209711,718.951712,107.209711,,,,,,,,1.0
0.799834,0.779143,0.712683,6.0,106.676751,741.570784,106.676751,,,,,,,,1.0
0.800000,0.862932,0.652926,6.0,107.858045,790.82272,107.858045,,,,,,,,1.0
0.793290,0.797709,0.739253,5.0,107.838913,746.480928,107.838913,,,,,,,,1.0
0.800000,0.91002,0.656804,6.0,108.438203,789.554903,108.438203,,,,,,,,1.0
0.800000,0.69014,0.585634,5.0,107.204773,860.032554,107.204773,,,,,,,,1.0
0.799867,0.775563,0.670341,5.0,106.815723,786.683896,106.815723,,,,,,,,1.0
0.800000,0.832787,0.617478,4.0,110.758543,854.480375,110.758543,,,,,,,,1.0
0.799834,0.706018,0.733424,5.0,0.0,0.0,0.0,,,,,,,,1.0
0.800000,0.673481,0.721925,6.0,0.0,0.0,0.0,,,,,,,,1.0
fitness at iteration,20,,,,,106.806454,,,,,,,,1.0
0.800000,0.950545,0.643364,7.0,110.810123,792.361343,110.810123,,,,,,,,1.0
0.800000,0.790654,0.703784,5.0,106.890571,760.520061,106.890571,,,,,,,,1.0
0.793914,0.66909,0.619545,5.0,0.0,0.0,0.0,,,,,,,,1.0
0.800000,0.720414,0.653128,4.0,108.104984,816.338047,108.104984,,,,,,,,1.0
0.800000,0.896951,0.557283,6.0,111.234603,892.094933,111.234603,,,,,,,,1.0
0.800000,0.784344,0.746793,5.0,107.070576,730.004882,107.070576,,,,,,,,1.0
0.793914,0.782531,0.69403,5.0,107.443814,778.476764,107.443814,,,,,,,,1.0
0.800000,0.832336,0.572304,6.0,109.538296,868.639935,109.538296,,,,,,,,1.0
0.800000,0.81729,0.713328,6.0,106.954261,741.403221,106.954261,,,,,,,,1.0
0.800000,0.732152,0.708715,6.0,0.0,0.0,0.0,,,,,,,,1.0
0.800000,0.864658,0.70464,6.0,107.434642,748.795758,107.434642,,,,,,,,1.0
0.800000,0.931192,0.71736,6.0,108.239841,741.014088,108.239841,,,,,,,,1.0
0.800000,0.783048,0.673304,5.0,106.870377,784.233507,106.870377,,,,,,,,1.0
0.800000,0.900523,0.683374,5.0,108.318626,779.585556,108.318626,,,,,,,,1.0
0.800000,0.795992,0.708836,6.0,106.782758,744.295562,106.782758,,,,,,,,1.0
0.799834,0.727387,0.6775,5.0,106.350695,779.935426,106.350695,,,,,,,,1.0
0.800000,0.72772,0.68246,7.0,0.0,0.0,0.0,,,,,,,,1.0
0.800000,0.697089,0.621679,6.0,107.125545,811.893943,107.125545,,,,,,,,1.0
0.800000,0.775461,0.73541,6.0,106.644133,725.528165,106.644133,,,,,,,,1.0
0.799834,0.676647,0.656122,5.0,0.0,0.0,0.0,,,,,,,,1.0
0.800000,0.842747,0.662096,6.0,107.510798,782.119201,107.510798,,,,,,,,1.0
0.800000,0.84002,0.712683,6.0,107.163233,742.286772,107.163233,,,,,,,,1.0
0.800000,0.885961,0.740229,5.0,108.021418,735.429977,108.021418,,,,,,,,1.0
0.800000,0.690759,0.719451,5.0,0.0,0.0,0.0,,,,,,,,1.0
0.800000,0.865042,0.712381,6.0,107.413172,743.015985,107.413172,,,,,,,,1.0
0.800000,0.818636,0.742465,5.0,107.325237,733.087843,107.325237,,,,,,,,1.0
0.799867,0.808571,0.701894,7.0,108.595603,739.548786,108.595603,,,,,,,,1.0
0.800000,0.823114,0.617478,4.0,110.533441,853.929097,110.533441,,,,,,,,1.0
0.800000,0.706018,0.691304,4.0,0.0,0.0,0.0,,,,,,,,1.0
0.800000,0.800003,0.735273,5.0,107.111173,737.915663,107.111173,,,,,,,,1.0
fitness at iteration,21,,,,,106.806454,,,,,,,,1.0
0.793914,0.752734,0.661651,5.0,107.255709,804.039564,107.255709,,,,,,,,1.0
0.800000,0.673286,0.657362,5.0,0.0,0.0,0.0,,,,,,,,1.0
0.800000,0.876678,0.708872,5.0,107.860568,758.395703,107.860568,,,,,,,,1.0
0.799834,0.753447,0.763757,6.0,0.0,0.0,0.0,,,,,,,,1.0
0.800000,0.896951,0.746142,6.0,107.788732,719.684688,107.788732,,,,,,,,1.0
0.800000,0.784344,0.801492,5.0,0.0,0.0,0.0,,,,,,,,1.0
0.800000,0.737116,0.715263,5.0,0.0,0.0,0.0,,,,,,,,1.0
0.800000,0.883134,0.764782,6.0,107.70553,707.140431,107.70553,,,,,,,,1.0
0.795132,0.81729,0.678028,6.0,107.596824,776.696737,107.596824,,,,,,,,1.0
0.800000,0.776955,0.708715,6.0,106.652788,744.112495,106.652788,,,,,,,,1.0
0.800000,0.805259,0.787374,6.0,107.136004,692.79775,107.136004,,,,,,,,1.0
0.800000,0.931192,0.71736,6.0,108.239841,741.014088,108.239841,,,,,,,,1.0
0.799967,0.783048,0.708758,5.0,106.838525,756.7715,106.838525,,,,,,,,1.0
0.800000,0.831064,0.740452,6.0,107.089306,722.631598,107.089306,,,,,,,,1.0
0.800000,0.795992,0.708836,5.0,106.961441,756.850778,106.961441,,,,,,,,1.0
0.800000,0.725268,0.764683,5.0,0.0,0.0,0.0,,,,,,,,1.0
0.800000,0.72772,0.736933,7.0,0.0,0.0,0.0,,,,,,,,1.0
0.800000,0.702945,0.668974,6.0,0.0,0.0,0.0,,,,,,,,1.0
0.800000,0.775461,0.73541,5.0,106.896475,737.65863,106.896475,,,,,,,,1.0
0.800000,0.787146,0.590215,5.0,108.34156,861.291753,108.34156,,,,,,,,1.0
0.800000,0.631344,0.741137,6.0,0.0,0.0,0.0,,,,,,,,1.0
0.793290,0.721568,0.716518,6.0,0.0,0.0,0.0,,,,,,,,1.0
0.793914,0.862932,0.704012,6.0,108.046951,759.622077,108.046951,,,,,,,,1.0
0.793290,0.792037,0.719451,6.0,107.439363,747.972111,107.439363,,,,,,,,1.0
0.800000,0.743697,0.668475,6.0,106.663679,773.944437,106.663679,,,,,,,,1.0
0.800000,0.69014,0.585634,5.0,107.204773,860.032554,107.204773,,,,,,,,1.0
0.800000,0.862665,0.767373,5.0,107.952004,716.713199,107.952004,,,,,,,,1.0
0.800000,0.687048,0.708686,7.0,0.0,0.0,0.0,,,,,,,,1.0
0.793290,0.706018,0.649259,5.0,106.987322,814.449006,106.987322,,,,,,,,1.0
0.800000,0.800003,0.721925,6.0,106.806454,735.021575,106.806454,,,,,,,,1.0
fitness at iteration,22,,,,,106.806454,,,,,,,,1.0
0.800000,0.697164,0.646795,5.0,106.247286,803.972576,106.247286,,,,,,,,1.0
0.794632,0.790654,0.703784,5.0,107.456452,769.847331,107.456452,,,,,,,,1.0
0.799834,0.876678,0.708872,5.0,107.876641,758.676396,107.876641,,,,,,,,1.0
0.800000,0.753447,0.682061,5.0,106.551034,776.555374,106.551034,,,,,,,,1.0
0.800000,0.707449,0.692258,6.0,0.0,0.0,0.0,,,,,,,,1.0
0.800000,0.940817,0.72431,5.0,108.696918,748.213737,108.696918,,,,,,,,1.0
0.800000,0.737116,0.69403,5.0,106.405357,767.076268,106.405357,,,,,,,,1.0
0.800000,0.868946,0.764782,4.0,110.411342,731.467312,110.411342,,,,,,,,1.0
0.800000,0.787833,0.713328,6.0,106.713981,740.93631,106.713981,,,,,,,,1.0
0.800000,0.776955,0.708715,6.0,106.652788,744.112495,106.652788,,,,,,,,1.0
0.799894,0.805259,0.70464,6.0,106.874849,747.697604,106.874849,,,,,,,,1.0
0.800000,0.931192,0.634896,4.0,112.589485,842.380335,112.589485,,,,,,,,1.0
0.800000,0.783048,0.684444,5.0,106.836139,775.304471,106.836139,,,,,,,,1.0
0.800000,0.83917,0.670419,6.0,107.38478,775.0491,107.38478,,,,,,,,1.0
0.800000,0.795992,0.708836,6.0,106.782758,744.295562,106.782758,,,,,,,,1.0
0.800000,0.727387,0.6775,5.0,106.333567,779.642956,106.333567,,,,,,,,1.0
0.800000,0.72772,0.68246,5.0,106.332813,775.787296,106.332813,,,,,,,,1.0
0.800000,0.721886,0.668974,6.0,106.552209,773.068614,106.552209,,,,,,,,1.0
0.800000,0.775461,0.73541,6.0,106.644133,725.528165,106.644133,,,,,,,,1.0
0.800000,0.72165,0.709248,5.0,0.0,0.0,0.0,,,,,,,,1.0
0.800000,0.857871,0.687549,4.0,110.089461,790.1146,110.089461,,,,,,,,1.0
0.799834,0.779143,0.712683,6.0,106.676751,741.570784,106.676751,,,,,,,,1.0
0.800000,0.862932,0.786162,4.0,110.602879,717.247227,110.602879,,,,,,,,1.0
0.800000,0.792037,0.647767,6.0,107.213867,792.479947,107.213867,,,,,,,,1.0
0.800000,0.664216,0.58486,6.0,107.963676,844.76611,107.963676,,,,,,,,1.0
0.800000,0.69014,0.702459,5.0,0.0,0.0,0.0,,,,,,,,1.0
0.800000,0.910516,0.670341,7.0,109.897999,766.798523,109.897999,,,,,,,,1.0
0.800000,0.687048,0.758959,4.0,0.0,0.0,0.0,,,,,,,,1.0
0.800000,0.755177,0.649259,3.0,113.093539,841.510038,113.093539,,,,,,,,1.0
0.800000,0.764508,0.721925,5.0,106.727256,746.999704,106.727256,,,,,,,,1.0
fitness at iteration,23,,,,,106.727256,,,,,,,,1.0
0.800000,0.847095,0.646795,5.0,107.955262,809.349599,107.955262,,,,,,,,1.0
0.799834,0.790654,0.703784,5.0,106.919352,760.829249,106.919352,,,,,,,,1.0
0.800000,0.828233,0.708872,5.0,107.292468,757.365053,107.292468,,,,,,,,1.0
0.800000,0.753447,0.682061,5.0,106.551034,776.555374,106.551034,,,,,,,,1.0
0.800000,0.896951,0.59136,5.0,110.468654,868.426212,110.468654,,,,,,,,1.0
0.800000,0.909218,0.842608,7.0,109.559265,652.175462,109.559265,,,,,,,,1.0
0.800000,0.737116,0.69403,6.0,106.463471,754.262977,106.463471,,,,,,,,1.0
0.800000,0.868946,0.750858,5.0,107.882857,727.797155,107.882857,,,,,,,,1.0
0.800000,0.787833,0.713328,6.0,106.713981,740.93631,106.713981,,,,,,,,1.0
0.800000,0.641609,0.708715,4.0,0.0,0.0,0.0,,,,,,,,1.0
0.800000,0.805259,0.70464,6.0,106.868072,747.52706,106.868072,,,,,,,,1.0
0.800000,0.931192,0.782166,6.0,108.370984,696.626369,108.370984,,,,,,,,1.0
0.800000,0.783048,0.701926,7.0,108.412626,738.919805,108.412626,,,,,,,,1.0
0.800000,0.831064,0.76939,6.0,107.21623,703.803311,107.21623,,,,,,,,1.0
0.800000,0.795992,0.708836,5.0,106.961441,756.850778,106.961441,,,,,,,,1.0
0.800000,0.790946,0.6775,6.0,106.897066,767.938558,106.897066,,,,,,,,1.0
0.800000,0.696407,0.68246,5.0,0.0,0.0,0.0,,,,,,,,1.0
0.800000,0.721886,0.786683,5.0,0.0,0.0,0.0,,,,,,,,1.0
0.800000,0.775461,0.73541,6.0,106.644133,725.528165,106.644133,,,,,,,,1.0
0.800000,0.72652,0.665097,5.0,106.364032,789.525468,106.364032,,,,,,,,1.0
0.800000,0.736835,0.613164,6.0,107.464471,821.21303,107.464471,,,,,,,,1.0
0.799834,0.924046,0.801284,7.0,109.61535,675.473126,109.61535,,,,,,,,1.0
0.800000,0.930914,0.786162,6.0,108.396562,694.137521,108.396562,,,,,,,,1.0
0.800000,0.792037,0.735153,6.0,106.758583,725.826563,106.758583,,,,,,,,1.0
0.800000,0.743697,0.689373,5.0,106.454422,770.70535,106.454422,,,,,,,,1.0
0.800000,0.69014,0.585634,5.0,107.204773,860.032554,107.204773,,,,,,,,1.0
0.800000,0.596177,0.572679,5.0,0.0,0.0,0.0,,,,,,,,1.0
0.800000,0.687048,0.617478,4.0,107.857755,847.741949,107.857755,,,,,,,,1.0
0.800000,0.795348,0.69806,5.0,106.93352,764.942807,106.93352,,,,,,,,1.0
0.800000,0.764508,0.6888,5.0,106.647246,771.519604,106.647246,,,,,,,,1.0
fitness at iteration,24,,,,,106.647246,,,,,,,,1.0
0.800000,0.697164,0.646795,5.0,106.247286,803.972576,106.247286,,,,,,,,1.0
0.800000,0.819646,0.760772,6.0,107.071791,709.200684,107.071791,,,,,,,,1.0
0.800000,0.828233,0.708872,6.0,107.057011,744.845302,107.057011,,,,,,,,1.0
0.800000,0.753447,0.655445,5.0,106.680501,798.245067,106.680501,,,,,,,,1.0
0.800000,0.641483,0.562043,4.0,108.194315,901.973747,108.194315,,,,,,,,1.0
0.800000,0.580919,0.746793,5.0,0.0,0.0,0.0,,,,,,,,1.0
0.800000,0.69505,0.64089,5.0,106.288455,808.947692,106.288455,,,,,,,,1.0
0.800000,0.868946,0.764782,7.0,108.860586,697.03909,108.860586,,,,,,,,1.0
0.800000,0.807038,0.713328,7.0,108.477121,731.012828,108.477121,,,,,,,,1.0
0.800000,0.738793,0.708715,6.0,0.0,0.0,0.0,,,,,,,,1.0
0.800000,0.805259,0.70464,6.0,106.868072,747.52706,106.868072,,,,,,,,1.0
0.800000,0.931192,0.71736,6.0,108.239841,741.014088,108.239841,,,,,,,,1.0
0.800000,0.968154,0.701926,7.0,110.455834,743.328944,110.455834,,,,,,,,1.0
0.800000,0.676671,0.740452,5.0,0.0,0.0,0.0,,,,,,,,1.0
0.799867,0.88211,0.708836,6.0,107.634917,746.297778,107.634917,,,,,,,,1.0
0.800000,0.727387,0.592403,5.0,107.448847,855.343173,107.448847,,,,,,,,1.0
0.800000,0.768642,0.685743,5.0,106.687621,773.972722,106.687621,,,,,,,,1.0
0.800000,0.834143,0.739334,5.0,107.463234,735.404439,107.463234,,,,,,,,1.0
0.800000,0.775461,0.672638,6.0,106.811441,771.379093,106.811441,,,,,,,,1.0
0.800000,0.780319,0.726175,5.0,106.878796,744.112495,106.878796,,,,,,,,1.0
0.800000,0.802826,0.719669,6.0,106.821243,736.632287,106.821243,,,,,,,,1.0
0.799834,0.779143,0.638296,6.0,107.272691,800.539941,107.272691,,,,,,,,1.0
0.800000,0.74166,0.786162,6.0,0.0,0.0,0.0,,,,,,,,1.0
0.799834,0.792037,0.74302,5.0,107.121146,732.847327,107.121146,,,,,,,,1.0
0.800000,0.743697,0.664255,5.0,106.531465,790.645571,106.531465,,,,,,,,1.0
0.800000,0.69014,0.585634,7.0,110.603302,834.776366,110.603302,,,,,,,,1.0
0.800000,0.69671,0.670341,6.0,0.0,0.0,0.0,,,,,,,,1.0
0.800000,0.687048,0.765873,5.0,0.0,0.0,0.0,,,,,,,,1.0
0.799867,0.706018,0.649259,5.0,106.306103,802.359165,106.306103,,,,,,,,1.0
0.800000,0.764508,0.6888,6.0,106.637971,758.61304,106.637971,,,,,,,,1.0
fitness at iteration,25,,,,,106.637971,,,,,,,,1.0
0.800000,0.697164,0.646795,4.0,107.783829,821.340429,107.783829,,,,,,,,1.0
0.800000,0.660657,0.684146,5.0,0.0,0.0,0.0,,,,,,,,1.0
0.800000,0.620681,0.708872,6.0,0.0,0.0,0.0,,,,,,,,1.0
0.800000,0.622637,0.593916,5.0,0.0,0.0,0.0,,,,,,,,1.0
0.800000,0.662624,0.64166,6.0,0.0,0.0,0.0,,,,,,,,1.0
0.800000,0.784344,0.673703,5.0,106.882612,783.9432,106.882612,,,,,,,,1.0
0.800000,0.69505,0.64089,5.0,106.288455,808.947692,106.288455,,,,,,,,1.0
0.800000,0.868946,0.646326,6.0,108.033963,796.953359,108.033963,,,,,,,,1.0
0.800000,0.93761,0.794838,7.0,109.774778,679.155975,109.774778,,,,,,,,1.0
0.800000,0.747157,0.708715,6.0,106.473693,743.746633,106.473693,,,,,,,,1.0
0.800000,0.805259,0.699967,6.0,106.885909,750.999738,106.885909,,,,,,,,1.0
0.800000,0.931192,0.71736,6.0,108.239841,741.014088,108.239841,,,,,,,,1.0
0.800000,0.888859,0.722688,5.0,108.009631,748.213737,108.009631,,,,,,,,1.0
0.800000,0.831064,0.740452,5.0,107.434517,734.588144,107.434517,,,,,,,,1.0
0.800000,0.694193,0.635321,4.0,107.80316,831.466102,107.80316,,,,,,,,1.0
0.799894,0.727387,0.6775,6.0,106.527668,766.753431,106.527668,,,,,,,,1.0
0.800000,0.72772,0.68246,7.0,0.0,0.0,0.0,,,,,,,,1.0
0.800000,0.707149,0.631239,4.0,108.042483,835.566842,108.042483,,,,,,,,1.0
0.800000,0.775461,0.711937,7.0,108.288562,731.644209,108.288562,,,,,,,,1.0
0.800000,0.72652,0.665097,5.0,106.364032,789.525468,106.364032,,,,,,,,1.0
0.800000,0.871408,0.758141,6.0,107.545261,711.320758,107.545261,,,,,,,,1.0
0.800000,0.82727,0.712683,6.0,107.034027,742.026686,107.034027,,,,,,,,1.0
0.800000,0.862932,0.786162,6.0,107.623578,693.591904,107.623578,,,,,,,,1.0
0.800000,0.957031,0.804409,6.0,108.872448,683.319619,108.872448,,,,,,,,1.0
0.800000,0.743697,0.689373,5.0,106.454422,770.70535,106.454422,,,,,,,,1.0
0.800000,0.639291,0.585634,5.0,0.0,0.0,0.0,,,,,,,,1.0
0.800000,0.745355,0.71079,5.0,106.517312,754.800642,106.517312,,,,,,,,1.0
0.800000,0.687048,0.593228,4.0,108.258859,871.571389,108.258859,,,,,,,,1.0
0.800000,0.706018,0.61031,5.0,106.812457,836.821497,106.812457,,,,,,,,1.0
0.800000,0.764508,0.756986,6.0,0.0,0.0,0.0,,,,,,,,1.0
fitness at iteration,26,,,,,106.637971,,,,,,,,1.0
0.800000,0.847303,0.777089,5.0,107.909966,710.414009,107.909966,,,,,,,,1.0
0.800000,0.790654,0.754274,5.0,107.18915,725.056204,107.18915,,,,,,,,1.0
0.800000,0.828233,0.708872,4.0,109.620442,772.222929,109.620442,,,,,,,,1.0
0.800000,0.759365,0.694939,5.0,106.595892,766.715239,106.595892,,,,,,,,1.0
0.800000,0.896951,0.746142,5.0,108.167226,731.416786,108.167226,,,,,,,,1.0
0.800000,0.718674,0.656123,5.0,106.350044,796.713503,106.350044,,,,,,,,1.0
0.800000,0.859469,0.7725,5.0,107.974951,713.381446,107.974951,,,,,,,,1.0
0.800000,0.868946,0.771717,6.0,107.584925,702.565823,107.584925,,,,,,,,1.0
0.800000,0.787833,0.713328,6.0,106.713981,740.93631,106.713981,,,,,,,,1.0
0.800000,0.747157,0.708715,6.0,106.473693,743.746633,106.473693,,,,,,,,1.0
0.800000,0.670562,0.70464,4.0,0.0,0.0,0.0,,,,,,,,1.0
0.800000,0.931192,0.71736,6.0,108.239841,741.014088,108.239841,,,,,,,,1.0
0.800000,0.89091,0.701926,7.0,109.36334,741.014088,109.36334,,,,,,,,1.0
0.800000,0.831064,0.631713,5.0,107.972512,822.552692,107.972512,,,,,,,,1.0
0.800000,0.89788,0.786393,6.0,108.004738,693.682781,108.004738,,,,,,,,1.0
0.800000,0.859068,0.793936,6.0,107.654799,688.921328,107.654799,,,,,,,,1.0
0.800000,0.62764,0.642207,5.0,0.0,0.0,0.0,,,,,,,,1.0
0.800000,0.840992,0.668974,6.0,107.41602,776.29918,107.41602,,,,,,,,1.0
0.800000,0.851912,0.73541,6.0,107.279555,726.349349,107.279555,,,,,,,,1.0
0.800000,0.810823,0.665097,5.0,107.249586,791.887283,107.249586,,,,,,,,1.0
0.800000,0.802826,0.719669,7.0,108.399929,726.473933,108.399929,,,,,,,,1.0
0.800000,0.807987,0.712683,6.0,106.876734,741.714823,106.876734,,,,,,,,1.0
0.800000,0.862932,0.75414,6.0,107.432773,713.838326,107.432773,,,,,,,,1.0
0.799834,0.792037,0.738934,6.0,106.785729,723.559688,106.785729,,,,,,,,1.0
0.800000,0.880213,0.701302,6.0,107.627969,751.746179,107.627969,,,,,,,,1.0
0.800000,0.696491,0.639229,5.0,106.310089,810.402633,106.310089,,,,,,,,1.0
0.800000,0.745355,0.624998,5.0,106.957722,824.827327,106.957722,,,,,,,,1.0
0.800000,0.687048,0.671789,6.0,0.0,0.0,0.0,,,,,,,,1.0
0.800000,0.706018,0.649259,6.0,106.715128,788.584681,106.715128,,,,,,,,1.0
0.800000,0.780278,0.6888,5.0,106.801084,771.828909,106.801084,,,,,,,,1.0
fitness at iteration,27,,,,,106.637971,,,,,,,,1.0
0.800000,0.854444,0.646795,6.0,107.838647,795.845232,107.838647,,,,,,,,1.0
0.800000,0.819797,0.771368,6.0,107.128837,702.519211,107.128837,,,,,,,,1.0
0.800000,0.828233,0.708872,7.0,108.67626,734.537186,108.67626,,,,,,,,1.0
0.800000,0.777203,0.682061,5.0,106.772811,777.03976,106.772811,,,,,,,,1.0
0.800000,0.751029,0.691877,6.0,106.544164,756.067177,106.544164,,,,,,,,1.0
0.800000,0.714828,0.656123,5.0,106.320677,796.623594,106.320677,,,,,,,,1.0
0.800000,0.69505,0.740724,7.0,0.0,0.0,0.0,,,,,,,,1.0
0.800000,0.868946,0.713169,6.0,107.466619,742.547041,107.466619,,,,,,,,1.0
0.800000,0.796438,0.691455,6.0,106.847496,757.22965,106.847496,,,,,,,,1.0
0.800000,0.747157,0.663217,5.0,106.557982,791.561696,106.557982,,,,,,,,1.0
0.800000,0.805259,0.707564,6.0,106.855298,745.369619,106.855298,,,,,,,,1.0
0.800000,0.931192,0.71736,5.0,108.578736,753.270314,108.578736,,,,,,,,1.0
0.800000,0.783048,0.660637,4.0,109.048955,811.334059,109.048955,,,,,,,,1.0
0.800000,0.831064,0.700848,6.0,107.104282,750.866601,107.104282,,,,,,,,1.0
0.800000,0.795992,0.76369,6.0,106.899473,707.258512,106.899473,,,,,,,,1.0
0.800000,0.727387,0.759454,5.0,0.0,0.0,0.0,,,,,,,,1.0
0.800000,0.708745,0.68246,5.0,0.0,0.0,0.0,,,,,,,,1.0
0.800000,0.721886,0.761918,6.0,0.0,0.0,0.0,,,,,,,,1.0
0.799834,0.775461,0.73541,6.0,106.656602,725.79106,106.656602,,,,,,,,1.0
0.800000,0.72652,0.665097,5.0,106.364032,789.525468,106.364032,,,,,,,,1.0
0.800000,0.802826,0.719669,5.0,107.049567,748.981136,107.049567,,,,,,,,1.0
0.800000,0.779143,0.712683,6.0,106.662868,741.299413,106.662868,,,,,,,,1.0
0.800000,0.862932,0.644333,6.0,107.98815,798.455741,107.98815,,,,,,,,1.0
0.800000,0.792037,0.64285,6.0,107.284922,796.743477,107.284922,,,,,,,,1.0
0.800000,0.794936,0.694485,5.0,106.932956,767.688016,106.932956,,,,,,,,1.0
0.800000,0.742746,0.639229,5.0,106.727725,811.893943,106.727725,,,,,,,,1.0
0.800000,0.882478,0.71079,6.0,107.627914,744.635781,107.627914,,,,,,,,1.0
0.800000,0.849671,0.617478,4.0,111.16389,855.481382,111.16389,,,,,,,,1.0
0.800000,0.680417,0.658223,5.0,0.0,0.0,0.0,,,,,,,,1.0
0.800000,0.764508,0.6888,4.0,108.710266,787.294755,108.710266,,,,,,,,1.0
fitness at iteration,28,,,,,106.637971,,,,,,,,1.0
0.800000,0.697164,0.646795,4.0,107.783829,821.340429,107.783829,,,,,,,,1.0
0.800000,0.790654,0.648195,5.0,107.163275,805.746742,107.163275,,,,,,,,1.0
0.800000,0.784416,0.708872,6.0,106.69466,744.08635,106.69466,,,,,,,,1.0
0.800000,0.752798,0.682061,6.0,106.611484,763.536257,106.611484,,,,,,,,1.0
0.800000,0.776421,0.749301,6.0,106.690526,716.373778,106.690526,,,,,,,,1.0
0.800000,0.714828,0.656123,6.0,106.662541,783.189409,106.662541,,,,,,,,1.0
0.800000,0.69505,0.727693,5.0,0.0,0.0,0.0,,,,,,,,1.0
0.800000,0.787566,0.713169,6.0,106.721634,741.065949,106.721634,,,,,,,,1.0
0.800000,0.787833,0.693673,6.0,106.768568,755.366016,106.768568,,,,,,,,1.0
0.800000,0.747157,0.648642,5.0,106.674895,803.850507,106.674895,,,,,,,,1.0
0.800000,0.805259,0.707564,6.0,106.855298,745.369619,106.855298,,,,,,,,1.0
0.800000,0.931192,0.745976,6.0,108.226889,720.443668,108.226889,,,,,,,,1.0
0.800000,0.732958,0.701926,6.0,0.0,0.0,0.0,,,,,,,,1.0
0.800000,0.673135,0.618762,4.0,107.613417,846.048564,107.613417,,,,,,,,1.0
0.800000,0.795992,0.708836,6.0,106.782758,744.295562,106.782758,,,,,,,,1.0
0.800000,0.726028,0.677736,5.0,106.326348,779.442091,106.326348,,,,,,,,1.0
0.800000,0.72772,0.647353,5.0,106.506049,804.369554,106.506049,,,,,,,,1.0
0.800000,0.721886,0.627631,4.0,108.328212,839.408681,108.328212,,,,,,,,1.0
0.800000,0.775461,0.73541,5.0,106.896475,737.65863,106.896475,,,,,,,,1.0
0.800000,0.72652,0.665097,7.0,108.660442,766.021906,108.660442,,,,,,,,1.0
0.800000,0.802826,0.740063,6.0,106.847019,722.606941,106.847019,,,,,,,,1.0
0.800000,0.676471,0.639549,6.0,0.0,0.0,0.0,,,,,,,,1.0
0.800000,0.912746,0.72648,6.0,107.974385,733.824513,107.974385,,,,,,,,1.0
0.800000,0.792037,0.648457,6.0,107.204754,791.887283,107.204754,,,,,,,,1.0
0.800000,0.699757,0.648244,5.0,106.253336,802.814421,106.253336,,,,,,,,1.0
0.800000,0.696491,0.700077,5.0,0.0,0.0,0.0,,,,,,,,1.0
0.800000,0.79725,0.759443,5.0,107.287738,721.671209,107.287738,,,,,,,,1.0
0.800000,0.781944,0.617478,6.0,107.668317,819.275083,107.668317,,,,,,,,1.0
0.800000,0.767566,0.701856,5.0,106.671819,761.614098,106.671819,,,,,,,,1.0
0.800000,0.716131,0.6888,5.0,0.0,0.0,0.0,,,,,,,,1.0
fitness at iteration,29,,,,,106.637971,,,,,,,,1.0
0.800000,0.795865,0.646795,7.0,109.198997,782.755188,109.198997,,,,,,,,1.0
0.800000,0.831565,0.703784,5.0,107.324141,761.285557,107.324141,,,,,,,,1.0
0.800000,0.784416,0.688797,6.0,106.766127,758.993678,106.766127,,,,,,,,1.0
0.800000,0.94592,0.682061,5.0,109.068485,782.494887,109.068485,,,,,,,,1.0
0.800000,1.004052,0.691877,6.0,109.602323,763.811643,109.602323,,,,,,,,1.0
0.800000,0.615737,0.656123,5.0,0.0,0.0,0.0,,,,,,,,1.0
0.800000,0.69505,0.64089,4.0,107.7817,826.501253,107.7817,,,,,,,,1.0
0.800000,0.787566,0.786247,6.0,0.0,0.0,0.0,,,,,,,,1.0
0.800000,0.753981,0.713328,6.0,106.504346,740.547666,106.504346,,,,,,,,1.0
0.800000,0.747157,0.708715,4.0,108.581144,771.63205,108.581144,,,,,,,,1.0
0.800000,0.805259,0.590852,6.0,108.564264,846.758961,108.564264,,,,,,,,1.0
0.800000,0.931192,0.631343,4.0,112.724444,846.082366,112.724444,,,,,,,,1.0
0.800000,0.783048,0.628614,5.0,107.358983,823.160167,107.358983,,,,,,,,1.0
0.800000,0.711475,0.61963,5.0,106.700169,828.376359,106.700169,,,,,,,,1.0
0.800000,0.795992,0.763609,6.0,106.89711,707.305755,106.89711,,,,,,,,1.0
0.800000,0.726028,0.689669,5.0,106.316004,770.228828,106.316004,,,,,,,,1.0
0.800000,0.839019,0.68246,5.0,107.475747,778.324878,107.475747,,,,,,,,1.0
0.800000,0.688383,0.668974,5.0,0.0,0.0,0.0,,,,,,,,1.0
0.800000,0.775461,0.698664,6.0,106.667865,751.426094,106.667865,,,,,,,,1.0
0.800000,0.755039,0.692997,5.0,106.560873,768.133537,106.560873,,,,,,,,1.0
0.800000,0.805912,0.719669,6.0,106.850033,736.683536,106.850033,,,,,,,,1.0
0.800000,0.769248,0.669724,6.0,106.795692,773.548658,106.795692,,,,,,,,1.0
0.800000,0.777505,0.75414,6.0,0.0,0.0,0.0,,,,,,,,1.0
0.800000,0.752162,0.735153,6.0,0.0,0.0,0.0,,,,,,,,1.0
0.800000,0.699757,0.642733,6.0,106.787555,793.846445,106.787555,,,,,,,,1.0
0.800000,0.696491,0.639229,5.0,106.310089,810.402633,106.310089,,,,,,,,1.0
0.800000,0.745355,0.696342,5.0,106.485174,765.468142,106.485174,,,,,,,,1.0
0.800000,0.781944,0.617478,6.0,107.668317,819.275083,107.668317,,,,,,,,1.0
0.800000,0.706018,0.715449,5.0,0.0,0.0,0.0,,,,,,,,1.0
0.800000,0.764508,0.6888,6.0,106.637971,758.61304,106.637971,,,,,,,,1.0
fitness at iteration,30,,,,,106.637971,,,,,,,,1.0
Best Solution,,,,,,,,,,,,,,
