D, Z, AEdAO, PdD, P_B, n,etaO,etaR, iteration, population i 
0.764405,2,0.968592,0.583164,106.039716,951.270687,0.295214,1.037729,0,1
0.686169,3,0.927903,0.687322,100.956969,980.303770,0.311556,1.031141,0,2
0.737129,5,0.860490,0.833940,89.507544,721.102360,0.354975,1.021867,0,3
0.662822,5,0.921341,0.698173,97.086630,993.139714,0.324037,1.030454,0,4
0.688178,2,0.966526,0.805808,105.879736,876.152836,0.299273,1.023646,0,5
0.784259,6,0.795947,0.504221,88.314982,903.008967,0.352907,1.042722,0,6
0.789637,4,0.811250,0.814519,86.023062,658.166732,0.369309,1.023095,0,7
0.764184,3,0.998122,0.760317,92.614354,746.231136,0.341698,1.026524,0,8
0.759400,2,0.662242,0.690259,94.462965,836.487443,0.333533,1.030955,0,9
0.790957,6,0.976983,0.916659,85.832187,585.369286,0.372495,1.016635,0,10
0.774211,7,1.044302,1.133679,91.017358,525.140076,0.355954,1.002908,0,11
0.639136,4,1.033408,0.845866,103.978697,939.230946,0.305179,1.021113,0,12
0.788929,6,0.937896,0.691632,84.441468,716.579321,0.373393,1.030868,0,13
0.692474,6,0.784858,0.603110,92.685975,992.834994,0.337666,1.036467,0,14
0.791066,5,0.856756,0.673823,83.702051,736.309214,0.376270,1.031994,0,15
0.710539,7,0.926596,0.778473,92.617355,784.701804,0.341687,1.025375,0,16
0.691103,5,0.977967,0.843947,95.460112,804.143202,0.332716,1.021234,0,17
0.723299,4,0.889952,0.742555,92.171082,823.434138,0.342668,1.027647,0,18
0.778329,3,0.947711,1.004873,93.376236,588.048415,0.344198,1.011055,0,19
0.770422,2,1.031361,1.003975,95.112017,598.699788,0.337832,1.011112,0,20
0.756826,2,0.687606,0.586652,95.533495,947.486516,0.327718,1.037508,0,21
0.727631,6,0.727378,0.515381,91.640175,1007.718912,0.339925,1.042016,0,22
0.675320,4,0.973694,0.813774,98.730804,873.511010,0.320989,1.023142,0,23
0.739151,3,0.945961,0.898424,95.795255,699.711609,0.333027,1.017788,0,24
0.746879,6,0.885349,0.758763,87.495495,739.315357,0.361531,1.026622,0,25
0.707910,5,0.741581,0.596599,90.839383,975.705426,0.344497,1.036879,0,26
0.780436,4,1.014729,1.005734,90.418620,576.787921,0.355480,1.011001,0,27
0.680302,6,0.917240,0.597798,95.639328,1042.670721,0.327032,1.036803,0,28
0.796042,5,0.932025,0.795970,84.135585,647.227335,0.377197,1.024269,0,29
0.760430,7,1.038650,1.074287,91.517515,560.601313,0.352579,1.006665,0,30
0.764405,7,0.968592,0.583164,89.523703,851.942323,0.349675,1.037729,1,1
0.692064,3,1.050000,0.894122,100.111158,786.935169,0.318259,1.018060,1,2
0.798417,5,1.050000,1.151192,91.013373,501.686600,0.356537,1.001801,1,3
0.800000,5,0.921341,0.698173,83.572666,705.151595,0.377513,1.030454,1,4
0.688178,2,0.926180,0.805808,106.159227,878.219314,0.298472,1.023646,1,5
0.646242,3,0.795947,0.504221,0.000000,0.000000,0.000000,0.000000,1,6
0.789637,4,0.542741,0.500000,84.708903,908.790065,0.367892,1.042989,1,7
0.623053,3,0.998122,0.760317,109.129577,1081.708057,0.289130,1.026524,1,8
0.759400,2,0.425932,0.690259,0.000000,0.000000,0.000000,0.000000,1,9
0.786322,3,0.978167,1.074345,93.242080,549.238737,0.346255,1.006661,1,10
0.774211,3,1.044302,1.079265,93.187689,559.453903,0.346464,1.006350,1,11
0.800000,4,1.033408,0.845866,86.406351,623.568774,0.368447,1.021113,1,12
0.707105,7,0.937896,1.003663,0.000000,0.000000,0.000000,0.000000,1,13
0.692474,2,0.749104,0.603110,0.000000,0.000000,0.000000,0.000000,1,14
0.726563,5,0.837449,0.611264,89.956919,920.565966,0.348329,1.035951,1,15
0.763349,5,0.926596,0.500000,0.000000,0.000000,0.000000,0.000000,1,16
0.683738,5,0.977967,0.500000,0.000000,0.000000,0.000000,0.000000,1,17
0.759374,4,0.889952,0.740959,88.612790,754.897318,0.356673,1.027748,1,18
0.778329,3,0.947711,1.004873,93.376236,588.048415,0.344198,1.011055,1,19
0.770422,2,1.050000,1.003975,94.544454,597.527890,0.339861,1.011112,1,20
0.756826,2,0.687606,0.586652,95.533495,947.486516,0.327718,1.037508,1,21
0.727631,2,0.951583,0.933703,101.532090,707.287134,0.314803,1.015557,1,22
0.675320,3,0.793434,0.813774,0.000000,0.000000,0.000000,0.000000,1,23
0.739019,3,0.945961,1.023982,0.000000,0.000000,0.000000,0.000000,1,24
0.685291,5,0.885349,0.758763,94.313366,879.628732,0.334953,1.026622,1,25
0.768886,4,1.050000,0.907401,89.820907,636.174770,0.355566,1.017221,1,26
0.800000,5,1.014729,1.005734,87.363977,545.779892,0.368052,1.011001,1,27
0.680302,2,1.037202,0.849817,105.583644,853.732211,0.300879,1.020863,1,28
0.796042,5,0.806573,0.795970,83.254538,647.227335,0.381181,1.024269,1,29
0.672354,7,1.038650,1.030544,0.000000,0.000000,0.000000,0.000000,1,30
best fit at iteration 1,91.517515
0.764405,7,0.968592,0.906905,88.476221,618.798824,0.360930,1.017252,2,1
0.791494,6,1.050000,1.210881,0.000000,0.000000,0.000000,0.000000,2,2
0.737129,6,0.886690,0.833940,89.046103,709.859160,0.356796,1.021867,2,3
0.686328,7,1.050000,0.971241,0.000000,0.000000,0.000000,0.000000,2,4
0.800000,2,0.907066,0.954646,94.973861,589.319837,0.337497,1.014232,2,5
0.784259,6,0.795947,1.011337,0.000000,0.000000,0.000000,0.000000,2,6
0.800000,2,0.542741,0.500000,0.000000,0.000000,0.000000,0.000000,2,7
0.800000,7,0.831658,0.536181,87.051698,825.638939,0.358845,1.040700,2,8
0.759400,2,1.050000,0.976945,95.745399,626.354477,0.334963,1.012822,2,9
0.790957,2,1.050000,0.916659,93.110785,612.659690,0.343380,1.016635,2,10
0.774211,3,1.050000,1.133679,93.700396,539.900981,0.345759,1.002908,2,11
0.745078,7,1.050000,0.867690,91.300797,668.744292,0.348784,1.019732,2,12
0.788929,3,0.960346,0.691632,90.967510,759.241268,0.346578,1.030868,2,13
0.692474,3,0.784858,0.603110,98.906790,1059.990233,0.316436,1.036467,2,14
0.791066,2,1.050000,0.993352,92.655595,574.777073,0.346712,1.011784,2,15
0.710539,7,1.050000,0.778473,94.559912,787.364090,0.334678,1.025375,2,16
0.691103,5,0.977967,0.843947,95.460112,804.143202,0.332716,1.021234,2,17
0.759374,6,1.043618,0.740959,88.276675,733.344085,0.358027,1.027748,2,18
0.778329,2,1.001453,1.004873,95.200213,589.365567,0.337589,1.011055,2,19
0.800000,5,1.050000,1.003975,87.436535,545.930730,0.367713,1.011112,2,20
0.756826,7,0.687606,0.685342,0.000000,0.000000,0.000000,0.000000,2,21
0.727718,7,0.727378,1.041851,0.000000,0.000000,0.000000,0.000000,2,22
0.675320,2,0.791124,0.813774,0.000000,0.000000,0.000000,0.000000,2,23
0.767499,6,1.050000,0.898424,88.523513,626.922173,0.360574,1.017788,2,24
0.800000,6,0.695839,0.758763,0.000000,0.000000,0.000000,0.000000,2,25
0.768886,3,1.050000,0.907401,92.002708,643.204105,0.347155,1.017221,2,26
0.783832,7,0.811616,1.005734,0.000000,0.000000,0.000000,0.000000,2,27
0.726575,4,0.379985,0.500000,0.000000,0.000000,0.000000,0.000000,2,28
0.796042,5,0.806573,1.062861,0.000000,0.000000,0.000000,0.000000,2,29
0.754700,7,1.038650,0.653873,90.344314,802.943613,0.347934,1.033256,2,30
best fit at iteration 2,90.344314
0.768257,2,0.968592,0.695492,99.036322,810.709480,0.318300,1.030624,3,1
0.733171,3,1.050000,0.657184,98.720419,906.482876,0.318337,1.033047,3,2
0.719965,6,0.935097,1.011873,0.000000,0.000000,0.000000,0.000000,3,3
0.800000,5,0.710495,0.516030,85.300017,863.725913,0.365771,1.041975,3,4
0.800000,2,0.719210,0.954646,0.000000,0.000000,0.000000,0.000000,3,5
0.784259,7,1.050000,0.504221,91.946733,926.333615,0.338972,1.042722,3,6
0.789637,4,1.050000,0.500000,0.000000,0.000000,0.000000,0.000000,3,7
0.800000,7,1.023230,1.239133,0.000000,0.000000,0.000000,0.000000,3,8
0.800000,2,1.050000,0.690259,97.388200,760.946555,0.323784,1.030955,3,9
0.786804,6,1.050000,1.400000,0.000000,0.000000,0.000000,0.000000,3,10
0.698238,7,0.686761,0.500000,0.000000,0.000000,0.000000,0.000000,3,11
0.800000,4,1.033408,0.845866,86.406351,623.568774,0.368447,1.021113,3,12
0.788929,6,0.937896,0.619166,85.403998,778.319759,0.367556,1.035451,3,13
0.692474,6,0.784858,0.925503,0.000000,0.000000,0.000000,0.000000,3,14
0.665169,3,0.553357,0.673823,0.000000,0.000000,0.000000,0.000000,3,15
0.666840,2,0.981546,1.064368,0.000000,0.000000,0.000000,0.000000,3,16
0.691103,5,0.977967,0.843947,95.460112,804.143202,0.332716,1.021234,3,17
0.800000,6,1.050000,1.335685,0.000000,0.000000,0.000000,0.000000,3,18
0.768298,7,0.946612,0.921882,87.966617,606.497695,0.363385,1.016305,3,19
0.800000,4,1.050000,1.003975,88.384789,551.232360,0.363778,1.011112,3,20
0.756826,2,0.687606,0.586652,95.533495,947.486516,0.327718,1.037508,3,21
0.727631,6,0.727378,0.733778,0.000000,0.000000,0.000000,0.000000,3,22
0.675320,4,0.530521,0.813774,0.000000,0.000000,0.000000,0.000000,3,23
0.767499,3,1.050000,0.898424,92.083825,650.156959,0.346625,1.017788,3,24
0.735833,6,0.968592,0.758763,89.470960,761.097874,0.353472,1.026622,3,25
0.770041,6,0.909500,0.956171,87.824200,598.570312,0.364771,1.014136,3,26
0.680302,4,1.014729,0.727392,98.147488,937.237370,0.321227,1.028606,3,27
0.680302,6,0.917240,0.627173,95.093134,1006.292641,0.329514,1.034945,3,28
0.796042,5,0.698561,0.536135,84.506034,847.345749,0.369639,1.040703,3,29
0.750553,2,1.050000,0.829734,97.816970,729.046376,0.324822,1.022133,3,30
best fit at iteration 3,90.344314
0.764405,7,0.983257,0.906905,88.664530,618.817411,0.360168,1.017252,4,1
0.733171,4,0.899963,0.657184,91.647847,879.527045,0.342888,1.033047,4,2
0.737129,5,0.890623,0.833940,89.692391,720.760860,0.354225,1.021867,4,3
0.706382,5,0.921341,1.040731,0.000000,0.000000,0.000000,0.000000,4,4
0.800000,7,0.907066,0.687985,84.499707,690.678728,0.373131,1.031099,4,5
0.784259,6,0.845949,0.722675,83.800819,699.476403,0.376929,1.028904,4,6
0.789637,4,0.941057,0.764883,86.402569,687.593639,0.366560,1.026235,4,7
0.800000,7,0.831658,1.162318,0.000000,0.000000,0.000000,0.000000,4,8
0.663482,2,0.959435,0.853051,109.055176,895.709510,0.291242,1.020658,4,9
0.790957,6,0.976983,0.645189,85.322908,753.214022,0.368475,1.033805,4,10
0.774211,3,1.050000,0.987843,92.092291,596.269135,0.348584,1.012133,4,11
0.800000,6,1.033408,1.080723,88.299359,515.216787,0.365879,1.006258,4,12
0.748857,6,1.050000,0.691632,89.591855,792.447908,0.351637,1.030868,4,13
0.790276,5,0.460031,0.603110,0.000000,0.000000,0.000000,0.000000,4,14
0.743133,5,1.000517,0.673823,89.853081,830.775665,0.350166,1.031994,4,15
0.710539,7,0.926596,0.778473,92.617355,784.701804,0.341687,1.025375,4,16
0.711767,5,0.803980,0.843947,0.000000,0.000000,0.000000,0.000000,4,17
0.759374,3,1.043618,0.740959,93.544850,770.699779,0.337848,1.027748,4,18
0.741026,7,0.946612,0.921882,90.647544,648.097232,0.352456,1.016305,4,19
0.651034,6,1.050000,0.716957,100.137707,996.443199,0.314434,1.029266,4,20
0.775355,2,0.687606,0.591778,93.639734,901.380531,0.334551,1.037184,4,21
0.716542,4,0.727378,0.780767,0.000000,0.000000,0.000000,0.000000,4,22
0.675320,7,1.050000,0.813774,0.000000,0.000000,0.000000,0.000000,4,23
0.767499,6,1.050000,0.898424,88.523513,626.922173,0.360574,1.017788,4,24
0.746879,5,0.885349,0.758763,87.884745,751.295554,0.359938,1.026622,4,25
0.716184,6,0.719392,0.956171,0.000000,0.000000,0.000000,0.000000,4,26
0.800000,5,1.050000,0.998742,87.336060,547.838467,0.368018,1.011443,4,27
0.761184,7,0.917240,0.706297,87.682279,741.381966,0.359702,1.029940,4,28
0.788748,7,0.785005,0.558963,86.904546,817.569277,0.359851,1.039259,4,29
0.754700,7,0.862384,0.668762,87.954842,781.335971,0.357697,1.032314,4,30
best fit at iteration 4,87.954842
0.681301,6,0.968592,0.865303,96.397201,800.416799,0.329868,1.019883,5,1
0.800000,4,0.908608,0.624992,86.617794,781.632305,0.362592,1.035083,5,2
0.737129,5,0.886690,0.500000,0.000000,0.000000,0.000000,0.000000,5,3
0.800000,7,0.921341,1.044183,0.000000,0.000000,0.000000,0.000000,5,4
0.800000,2,0.907066,0.687985,95.486059,760.917243,0.330181,1.031099,5,5
0.784259,6,0.930195,0.722675,84.599386,701.231737,0.373342,1.028904,5,6
0.789637,6,0.863188,0.500000,89.203615,906.646984,0.349342,1.042989,5,7
0.800000,7,0.831658,0.536181,87.051698,825.638939,0.358845,1.040700,5,8
0.760132,4,0.719210,0.690259,86.634265,791.138806,0.363692,1.030955,5,9
0.790957,6,0.832983,0.645189,83.628281,746.175165,0.375964,1.033805,5,10
0.800000,7,1.044302,0.996386,86.888271,535.453407,0.369860,1.011592,5,11
0.800000,5,1.033408,0.847042,85.055619,614.146612,0.374337,1.021038,5,12
0.788929,6,0.937896,0.691632,84.441468,716.579321,0.373393,1.030868,5,13
0.692474,6,0.664481,0.681817,0.000000,0.000000,0.000000,0.000000,5,14
0.787185,5,0.856756,0.673823,84.020745,742.866562,0.374823,1.031994,5,15
0.800000,7,0.926596,0.778473,84.355828,632.453226,0.375850,1.025375,5,16
0.800000,5,0.764818,0.500000,87.250119,889.673090,0.357248,1.042989,5,17
0.641392,6,0.827996,0.500000,0.000000,0.000000,0.000000,0.000000,5,18
0.800000,6,0.946612,0.921882,84.837247,571.337179,0.377039,1.016305,5,19
0.800000,7,1.050000,1.003975,87.028822,532.867861,0.369440,1.011112,5,20
0.764405,2,1.000229,0.591778,106.449624,941.747543,0.294237,1.037184,5,21
0.786592,4,1.050000,0.515381,0.000000,0.000000,0.000000,0.000000,5,22
0.800000,4,0.973694,0.813774,85.956451,641.761261,0.369653,1.023142,5,23
0.788929,7,0.836823,0.564386,86.918441,815.165175,0.359927,1.038916,5,24
0.746879,6,0.688666,0.678984,0.000000,0.000000,0.000000,0.000000,5,25
0.770041,7,0.909500,0.956171,87.747368,590.060733,0.365086,1.014136,5,26
0.800000,5,1.050000,0.998742,87.336060,547.838467,0.368018,1.011443,5,27
0.800000,2,0.917240,0.786905,94.327915,683.083603,0.336274,1.024842,5,28
0.800000,5,0.609943,0.500000,84.931750,872.577596,0.367001,1.042989,5,29
0.746879,6,1.050000,1.157757,0.000000,0.000000,0.000000,0.000000,5,30
best fit at iteration 5,87.954842
0.764405,4,0.968592,0.689092,89.299711,789.335987,0.352822,1.031029,6,1
0.779848,4,1.009125,1.015830,90.701748,573.815849,0.354582,1.010362,6,2
0.800000,6,0.886690,0.833940,83.334450,611.409299,0.381756,1.021867,6,3
0.791143,5,0.921341,0.698173,84.283174,719.391012,0.374240,1.030454,6,4
0.800000,5,0.873419,0.743551,83.031567,672.731384,0.381034,1.027584,6,5
0.796042,3,0.745528,0.722675,87.349457,721.468464,0.361682,1.028904,6,6
0.762481,4,0.866580,0.500000,0.000000,0.000000,0.000000,0.000000,6,7
0.697661,7,0.831658,0.536181,95.601789,1053.931493,0.326085,1.040700,6,8
0.760132,5,0.719210,0.840827,0.000000,0.000000,0.000000,0.000000,6,9
0.742105,6,0.832983,0.500000,0.000000,0.000000,0.000000,0.000000,6,10
0.800000,7,1.044302,0.996386,86.888271,535.453407,0.369860,1.011592,6,11
0.800000,2,0.866066,0.597054,97.820208,853.574091,0.320532,1.036850,6,12
0.788929,6,0.937896,0.691632,84.441468,716.579321,0.373393,1.030868,6,13
0.800000,5,1.050000,0.603110,88.104472,798.278910,0.355995,1.036467,6,14
0.800000,5,1.041285,0.673823,85.635659,729.608171,0.367869,1.031994,6,15
0.800000,7,0.926596,0.778473,84.355828,632.453226,0.375850,1.025375,6,16
0.800000,5,0.969653,0.500000,93.570561,920.904971,0.333118,1.042989,6,17
0.791493,5,1.043618,0.801364,85.575568,651.913259,0.370936,1.023927,6,18
0.800000,6,0.946612,0.704636,83.583979,689.641854,0.377610,1.030045,6,19
0.757503,7,1.050000,0.763316,89.811050,710.609622,0.352365,1.026334,6,20
0.775355,2,0.964032,0.591778,104.061675,915.463334,0.301044,1.037184,6,21
0.727631,7,0.727378,0.515381,93.377200,994.245492,0.333602,1.042016,6,22
0.800000,4,1.050000,0.813774,86.333995,641.865528,0.368023,1.023142,6,23
0.788929,3,0.836823,0.564386,92.550234,885.042656,0.338029,1.038916,6,24
0.800000,7,0.991858,0.690547,85.501255,691.621849,0.368824,1.030937,6,25
0.800000,7,1.050000,1.022218,87.194694,526.771690,0.369150,1.009958,6,26
0.800000,5,1.050000,0.500000,0.000000,0.000000,0.000000,0.000000,6,27
0.761184,7,0.917240,0.706297,87.682279,741.381966,0.359702,1.029940,6,28
0.759599,5,0.806573,0.795970,86.470813,704.888262,0.366747,1.024269,6,29
0.754700,7,0.862384,0.532008,90.814473,923.938529,0.343560,1.040964,6,30
best fit at iteration 6,87.954842
0.784346,7,0.968592,0.911478,86.664026,588.387525,0.368729,1.016963,7,1
0.791184,3,0.694771,0.624992,86.752101,808.769656,0.361978,1.035083,7,2
0.800000,7,0.886690,0.833940,84.020129,602.752704,0.378628,1.021867,7,3
0.787185,5,0.830003,0.698173,83.647730,723.512143,0.377063,1.030454,7,4
0.754700,7,0.875657,0.743551,87.716075,725.157404,0.360349,1.027584,7,5
0.800000,7,0.795949,0.722675,83.425346,664.918932,0.378733,1.028904,7,6
0.793195,6,0.881585,0.676037,83.587322,719.593193,0.376878,1.031854,7,7
0.800000,5,0.831658,0.536181,86.384291,852.505788,0.361610,1.040700,7,8
0.760132,5,1.050000,1.043381,92.126186,584.302505,0.349563,1.008620,7,9
0.800000,6,0.696109,0.545035,84.470557,815.751048,0.369993,1.040140,7,10
0.800000,6,1.044302,1.150208,89.932317,495.955500,0.360807,1.001863,7,11
0.800000,5,1.016863,0.847042,84.922885,614.070244,0.374917,1.021038,7,12
0.788929,6,0.895404,0.762283,83.886685,667.257291,0.377477,1.026399,7,13
0.800000,5,1.050000,1.168451,91.329573,495.283996,0.355706,1.000709,7,14
0.791066,5,0.856756,0.673823,83.702051,736.309214,0.376270,1.031994,7,15
0.800000,7,0.926596,0.778473,84.355828,632.453226,0.375850,1.025375,7,16
0.800000,7,0.764818,0.956012,0.000000,0.000000,0.000000,0.000000,7,17
0.754687,3,1.043618,0.500000,0.000000,0.000000,0.000000,0.000000,7,18
0.800000,6,0.946612,0.946221,85.191940,561.607245,0.376033,1.014765,7,19
0.800000,6,0.758605,0.695365,82.055321,691.742948,0.384414,1.030632,7,20
0.775355,3,1.003729,0.630909,95.141019,846.162581,0.330063,1.034709,7,21
0.800000,4,0.727378,0.515381,87.020843,887.235520,0.358542,1.042016,7,22
0.800000,3,0.973694,0.758066,89.287134,689.088524,0.354634,1.026666,7,23
0.788929,5,0.836823,0.500000,89.839255,921.905841,0.346862,1.042989,7,24
0.800000,3,0.991858,0.717618,89.927940,719.797822,0.351239,1.029224,7,25
0.800000,7,1.050000,1.022218,87.194694,526.771690,0.369150,1.009958,7,26
0.800000,5,1.050000,0.998742,87.336060,547.838467,0.368018,1.011443,7,27
0.791143,7,0.917240,0.500000,89.895286,897.968300,0.346666,1.042989,7,28
0.796042,5,0.806573,0.795970,83.254538,647.227335,0.381181,1.024269,7,29
0.780284,3,0.862384,0.668762,90.550872,792.507984,0.347623,1.032314,7,30
best fit at iteration 7,87.954842
0.788929,7,0.738453,0.500000,89.312936,881.028769,0.348915,1.042989,8,1
0.800000,4,0.908608,0.624992,86.617794,781.632305,0.362592,1.035083,8,2
0.775355,6,0.665654,0.500000,88.172831,912.095848,0.353321,1.042989,8,3
0.800000,3,0.668799,0.513998,88.307565,910.505260,0.353263,1.042103,8,4
0.800000,3,0.873419,0.743551,88.539144,699.433879,0.357306,1.027584,8,5
0.800000,7,0.795949,0.722675,83.425346,664.918932,0.378733,1.028904,8,6
0.768105,4,0.683219,0.572746,86.334325,881.953436,0.362380,1.038387,8,7
0.790957,5,0.879849,0.803506,84.241973,650.344628,0.376870,1.023792,8,8
0.800000,4,0.989706,0.754705,85.941624,678.974723,0.368380,1.026879,8,9
0.768948,7,0.832983,0.593250,87.698745,822.423874,0.357216,1.037091,8,10
0.800000,6,1.044302,0.996386,86.817890,542.437709,0.370147,1.011592,8,11
0.800000,5,1.016863,0.942194,86.192115,570.166305,0.371599,1.015020,8,12
0.788929,6,0.895404,1.080653,0.000000,0.000000,0.000000,0.000000,8,13
0.800000,5,1.050000,0.957575,86.599245,563.626320,0.370202,1.014047,8,14
0.791066,2,0.825671,0.673823,95.019083,788.929754,0.331465,1.031994,8,15
0.800000,7,0.966491,1.088940,87.165791,506.731610,0.370831,1.005738,8,16
0.800000,5,0.764818,0.500000,87.250119,889.673090,0.357248,1.042989,8,17
0.791143,7,0.824059,0.792747,84.150301,636.699488,0.377036,1.024472,8,18
0.780284,6,0.647298,0.601257,84.320964,795.470805,0.371771,1.036584,8,19
0.800000,6,0.909800,0.695365,83.207703,695.175493,0.379081,1.030632,8,20
0.800000,2,0.687606,0.591778,91.401736,852.395427,0.342939,1.037184,8,21
0.783485,4,0.727378,0.515381,88.302715,920.861744,0.353202,1.042016,8,22
0.800000,7,0.973694,0.683488,85.303566,696.253626,0.369506,1.031383,8,23
0.800000,7,0.836823,0.564386,86.108779,795.289944,0.363384,1.038916,8,24
0.800000,4,0.991858,0.690547,86.574878,727.110525,0.364238,1.030937,8,25
0.800000,7,1.050000,0.756929,86.098466,647.822761,0.367741,1.026738,8,26
0.800000,5,0.856827,0.998742,0.000000,0.000000,0.000000,0.000000,8,27
0.761184,7,0.917240,0.706297,87.682279,741.381966,0.359702,1.029940,8,28
0.793195,6,0.806573,0.795970,83.038939,641.028509,0.382161,1.024269,8,29
0.754700,2,0.736251,0.552697,0.000000,0.000000,0.000000,0.000000,8,30
best fit at iteration 8,87.954842
0.800000,7,0.875160,0.911478,84.347848,568.002174,0.378993,1.016963,9,1
0.800000,4,0.908608,1.001321,88.888698,556.434130,0.361640,1.011280,9,2
0.800000,6,0.662014,0.833940,0.000000,0.000000,0.000000,0.000000,9,3
0.800000,4,0.921341,0.501353,0.000000,0.000000,0.000000,0.000000,9,4
0.800000,5,0.873419,0.500000,90.102709,904.874559,0.345955,1.042989,9,5
0.800000,7,1.050000,0.693541,86.379396,691.718725,0.365122,1.030747,9,6
0.793195,7,0.881585,0.676037,84.892093,709.540430,0.371083,1.031854,9,7
0.800000,3,1.050000,0.803506,89.211951,658.183780,0.355931,1.023792,9,8
0.790957,4,0.875290,0.834555,86.509851,644.174455,0.367697,1.021828,9,9
0.800000,6,0.845285,0.645189,83.035031,731.607838,0.378707,1.033805,9,10
0.755740,6,0.783543,0.796282,0.000000,0.000000,0.000000,0.000000,9,11
0.800000,2,1.016863,0.597054,103.530797,863.877006,0.302849,1.036850,9,12
0.788929,7,0.895404,0.762283,84.941238,657.867643,0.372809,1.026399,9,13
0.792766,4,1.013732,0.769302,86.714090,680.478415,0.365348,1.025955,9,14
0.800000,5,0.799147,0.523627,86.431482,864.065947,0.361132,1.041494,9,15
0.800000,7,0.926596,0.778473,84.355828,632.453226,0.375850,1.025375,9,16
0.791143,5,0.802920,0.782756,83.507128,662.023003,0.379686,1.025104,9,17
0.791143,5,0.824059,0.985898,0.000000,0.000000,0.000000,0.000000,9,18
0.800000,6,0.946612,0.704636,83.583979,689.641854,0.377610,1.030045,9,19
0.800000,7,1.050000,0.695365,86.368606,690.340799,0.365214,1.030632,9,20
0.800000,7,0.687606,0.901527,0.000000,0.000000,0.000000,0.000000,9,21
0.800000,6,0.727378,0.654372,82.207776,720.559262,0.382731,1.033225,9,22
0.783909,7,0.973694,0.683488,86.591080,722.082896,0.363892,1.031383,9,23
0.800000,6,0.836823,0.564386,84.803684,806.228791,0.368998,1.038916,9,24
0.800000,5,0.991858,0.690547,84.569273,713.531701,0.372865,1.030937,9,25
0.800000,7,0.986057,1.004529,86.280507,532.652329,0.372650,1.011077,9,26
0.800000,7,1.050000,0.909579,86.363399,568.770850,0.370092,1.017083,9,27
0.800000,7,0.842461,1.038109,0.000000,0.000000,0.000000,0.000000,9,28
0.800000,7,1.050000,0.886332,86.259261,578.922412,0.370017,1.018553,9,29
0.800000,7,0.968711,0.919210,85.346576,564.415441,0.374743,1.016474,9,30
best fit at iteration 9,85.346576
0.791143,7,1.017125,0.911478,86.682884,579.347000,0.368702,1.016963,10,1
0.800000,3,0.731830,0.624992,86.794902,793.755992,0.361846,1.035083,10,2
0.800000,6,0.574493,0.500000,86.338475,854.719035,0.361021,1.042989,10,3
0.800000,5,0.878361,0.659287,83.384042,733.972861,0.377436,1.032914,10,4
0.800000,5,0.684684,0.683324,81.607585,710.886804,0.386235,1.031393,10,5
0.793195,7,0.736970,0.916332,0.000000,0.000000,0.000000,0.000000,10,6
0.800000,5,0.871390,0.716612,82.968377,690.630432,0.380664,1.029288,10,7
0.790957,5,0.879849,0.557906,86.960388,849.180160,0.359650,1.039326,10,8
0.800000,7,0.989706,0.500000,90.086532,891.077753,0.346012,1.042989,10,9
0.800000,6,0.968628,0.723143,83.776934,677.298530,0.377161,1.028875,10,10
0.768948,6,1.044302,0.996386,89.754381,583.152013,0.357820,1.011592,10,11
0.800000,5,1.005835,0.847042,84.836563,614.032068,0.375295,1.021038,10,12
0.761184,7,0.895404,0.707816,87.435384,739.658562,0.360733,1.029844,10,13
0.788929,7,0.710523,0.714811,84.043814,686.463715,0.375677,1.029402,10,14
0.791066,6,0.627813,0.672976,0.000000,0.000000,0.000000,0.000000,10,15
0.788929,7,0.978115,0.778473,85.908525,649.306996,0.368980,1.025375,10,16
0.800000,5,0.802920,0.782756,82.774450,648.801538,0.383133,1.025104,10,17
0.800000,7,0.824059,0.792747,83.432444,624.002136,0.380339,1.024472,10,18
0.800000,7,0.960499,0.560103,87.251854,810.097261,0.358539,1.039187,10,19
0.800000,5,0.865963,0.695365,82.965452,705.630193,0.380192,1.030632,10,20
0.761184,2,0.687606,0.591778,95.014212,931.720548,0.329642,1.037184,10,21
0.800000,4,0.707974,0.567075,84.330725,826.987006,0.371108,1.038746,10,22
0.800000,4,0.973694,0.683488,86.422179,732.258734,0.364719,1.031383,10,23
0.800000,6,0.836823,0.732374,82.458452,668.428926,0.383408,1.028291,10,24
0.800000,5,0.991858,0.700941,84.463689,705.478986,0.373584,1.030279,10,25
0.800000,2,0.846567,0.756929,94.031036,706.084201,0.336711,1.026738,10,26
0.800000,7,1.050000,0.909579,86.363399,568.770850,0.370092,1.017083,10,27
0.761184,7,1.025020,0.706297,89.177156,745.067643,0.353672,1.029940,10,28
0.800000,6,0.806573,0.795970,82.487279,631.180075,0.384783,1.024269,10,29
0.800000,6,0.968711,0.697755,83.896708,695.395748,0.376020,1.030481,10,30
best fit at iteration 10,83.896708
0.800000,7,0.875160,0.911478,84.347848,568.002174,0.378993,1.016963,11,1
0.800000,4,0.759752,0.624992,83.985908,774.248878,0.373970,1.035083,11,2
0.800000,6,0.886690,0.833940,83.334450,611.409299,0.381756,1.021867,11,3
0.800000,7,1.050000,0.747738,86.121653,653.696857,0.367435,1.027319,11,4
0.761184,7,0.684684,0.654868,86.867427,776.451279,0.361916,1.033193,11,5
0.800000,7,0.958852,0.722675,84.869944,667.728480,0.372290,1.028904,11,6
0.800000,4,0.976403,0.716612,86.026352,706.058963,0.367154,1.029288,11,7
0.790957,5,0.879849,0.701232,83.816439,716.216785,0.376388,1.030261,11,8
0.800000,4,0.847017,0.754705,84.708480,677.833080,0.373746,1.026879,11,9
0.800000,6,0.845285,0.645189,83.035031,731.607838,0.378707,1.033805,11,10
0.788929,6,1.044302,0.810581,85.783057,640.904689,0.370253,1.023344,11,11
0.800000,6,1.005835,0.847042,84.589027,605.283028,0.376401,1.021038,11,12
0.788929,6,0.895404,0.762283,83.886685,667.257291,0.377477,1.026399,11,13
0.788929,7,0.710523,0.500000,89.356936,878.283047,0.348756,1.042989,11,14
0.800000,5,0.538241,0.565148,0.000000,0.000000,0.000000,0.000000,11,15
0.800000,7,0.926596,0.778473,84.355828,632.453226,0.375850,1.025375,11,16
0.800000,7,0.802920,0.782756,83.297609,629.450373,0.380728,1.025104,11,17
0.800000,6,0.824059,0.792747,82.568775,632.878752,0.384312,1.024472,11,18
0.800000,7,0.946612,0.704636,84.810621,679.839332,0.372124,1.030045,11,19
0.800000,6,0.758605,0.695365,82.055321,691.742948,0.384414,1.030632,11,20
0.800000,7,0.687606,0.591778,85.148746,761.063827,0.368108,1.037184,11,21
0.800000,6,1.013194,0.654372,85.040592,732.150171,0.369981,1.033225,11,22
0.800000,7,1.029578,0.683488,86.114716,698.543448,0.366013,1.031383,11,23
0.800000,6,0.959321,0.680132,83.920590,708.413844,0.375532,1.031595,11,24
0.800000,5,0.991858,0.700941,84.463689,705.478986,0.373584,1.030279,11,25
0.800000,7,1.050000,0.883770,86.249923,580.078455,0.370002,1.018715,11,26
0.800000,7,0.870266,0.909579,84.289743,568.819985,0.379200,1.017083,11,27
0.761184,5,0.917240,0.527741,92.159784,954.290256,0.338529,1.041234,11,28
0.792853,6,0.854430,0.544913,86.308241,842.467580,0.362088,1.040148,11,29
0.800000,4,0.718786,0.697755,83.217715,715.781122,0.379106,1.030481,11,30
best fit at iteration 11,83.217715
0.800000,7,0.875160,0.709615,84.052962,674.661417,0.375618,1.029731,12,1
0.800000,4,1.030816,0.624992,89.381658,790.041660,0.351374,1.035083,12,2
0.800000,7,0.876975,0.571674,86.141818,790.610831,0.363413,1.038455,12,3
0.800000,5,0.878361,0.659287,83.384042,733.972861,0.377436,1.032914,12,4
0.800000,5,0.684684,0.633560,81.848798,748.093604,0.383943,1.034541,12,5
0.761184,7,0.777368,0.668445,86.879129,767.348077,0.362184,1.032334,12,6
0.800000,5,0.871390,0.716612,82.968377,690.630432,0.380664,1.029288,12,7
0.780072,6,1.050000,0.887250,87.231643,613.899346,0.365772,1.018495,12,8
0.799814,5,1.050000,0.754705,84.920600,669.138374,0.372785,1.026879,12,9
0.800000,6,0.887412,0.594218,84.477519,779.657863,0.371103,1.037029,12,10
0.788929,6,0.976223,0.688695,84.954255,720.293905,0.371048,1.031054,12,11
0.800000,6,0.616059,0.667116,0.000000,0.000000,0.000000,0.000000,12,12
0.788929,5,0.895404,0.762283,84.217507,678.042846,0.376013,1.026399,12,13
0.788929,6,0.835766,0.826978,83.828326,630.802156,0.379249,1.022307,12,14
0.788929,5,0.856756,0.950877,86.713436,583.966973,0.369473,1.014471,12,15
0.800000,7,0.926596,0.706277,84.571641,678.135591,0.373215,1.029942,12,16
0.754038,5,0.802920,0.782756,86.806946,722.555741,0.364981,1.025104,12,17
0.800000,5,0.824059,0.712186,82.549976,692.834752,0.382514,1.029568,12,18
0.800000,6,0.946612,0.704636,83.583979,689.641854,0.377610,1.030045,12,19
0.800000,6,0.809833,0.806871,82.577841,625.404832,0.384600,1.023579,12,20
0.791143,5,0.789435,0.591778,84.179755,805.316175,0.372274,1.037184,12,21
0.800000,5,0.714106,0.654372,81.868613,732.557449,0.384329,1.033225,12,22
0.781782,4,0.973694,0.638373,89.031277,805.119848,0.352922,1.034237,12,23
0.800000,5,0.836823,0.732374,82.687686,679.511924,0.382347,1.028291,12,24
0.788929,5,0.991858,0.700941,85.361564,723.340481,0.369550,1.030279,12,25
0.800000,7,1.050000,0.756929,86.098466,647.822761,0.367741,1.026738,12,26
0.800000,7,0.739312,0.642257,84.079081,720.769599,0.373957,1.033991,12,27
0.761184,4,0.819346,0.871376,89.733138,671.896976,0.355082,1.019499,12,28
0.800000,7,1.050000,0.795970,86.060058,624.495325,0.368800,1.024269,12,29
0.800000,4,0.909115,0.925637,87.303133,586.694337,0.366483,1.016067,12,30
best fit at iteration 12,83.217715
0.800000,7,0.851677,0.709615,83.854199,674.200881,0.376480,1.029731,13,1
0.800000,4,0.759752,0.714493,83.684236,704.296774,0.377358,1.029422,13,2
0.800000,6,0.976424,0.833940,84.161496,611.674355,0.377993,1.021867,13,3
0.792853,5,0.914458,0.629466,84.973165,773.950593,0.369675,1.034800,13,4
0.800000,6,0.827485,0.687775,82.502110,698.395263,0.382148,1.031112,13,5
0.800000,7,0.795949,0.722675,83.425346,664.918932,0.378733,1.028904,13,6
0.800000,5,0.871390,0.716612,82.968377,690.630432,0.380664,1.029288,13,7
0.790957,7,1.020559,0.707415,86.542857,694.295086,0.364674,1.029870,13,8
0.800000,4,0.962956,0.754705,85.695931,678.601519,0.369421,1.026879,13,9
0.800000,2,0.845285,0.756762,94.029642,706.260918,0.336739,1.026748,13,10
0.788929,7,0.976223,0.824066,85.937383,623.703886,0.369888,1.022491,13,11
0.757876,7,0.776072,0.831262,0.000000,0.000000,0.000000,0.000000,13,12
0.788929,6,0.895404,0.851781,84.517158,618.135446,0.376749,1.020738,13,13
0.800000,3,0.548244,0.678111,0.000000,0.000000,0.000000,0.000000,13,14
0.791066,4,0.646618,0.673823,83.157755,747.589102,0.378730,1.031994,13,15
0.800000,7,0.880282,0.700062,84.153924,681.340081,0.374927,1.030335,13,16
0.800000,7,0.802920,0.782756,83.297609,629.450373,0.380728,1.025104,13,17
0.800000,5,0.824059,0.700615,82.557006,700.898117,0.382214,1.030300,13,18
0.800000,6,0.815712,0.627155,83.052963,745.411759,0.378213,1.034946,13,19
0.800000,5,0.758605,0.697718,82.038558,701.794565,0.384536,1.030483,13,20
0.788929,5,0.789435,0.591778,84.349138,809.361879,0.371498,1.037184,13,21
0.788929,6,0.714106,0.700209,82.734505,705.487779,0.381286,1.030325,13,22
0.800000,7,0.904289,0.714284,84.291791,672.090491,0.374640,1.029435,13,23
0.800000,6,0.836823,0.655771,82.836899,722.773934,0.379863,1.033136,13,24
0.800000,4,0.621791,0.700941,0.000000,0.000000,0.000000,0.000000,13,25
0.800000,6,1.050000,0.756929,84.828733,657.154650,0.373263,1.026738,13,26
0.800000,7,0.736471,0.785190,82.984018,628.469079,0.382205,1.024950,13,27
0.761184,7,1.050000,0.706297,89.611412,746.142816,0.351970,1.029940,13,28
0.800000,6,0.981042,0.795970,83.987462,632.149629,0.377899,1.024269,13,29
0.800000,4,0.840535,0.697755,84.508911,717.210501,0.373304,1.030481,13,30
best fit at iteration 13,83.217715
0.800000,7,0.851677,0.709615,83.854199,674.200881,0.376480,1.029731,14,1
0.800000,4,0.759752,0.714493,83.684236,704.296774,0.377358,1.029422,14,2
0.800000,6,0.945249,0.833940,83.849361,611.503935,0.379413,1.021867,14,3
0.800000,5,0.746437,0.659287,82.061794,729.581223,0.383522,1.032914,14,4
0.800000,5,0.873040,0.631464,83.739993,757.474178,0.375190,1.034674,14,5
0.800000,3,0.795949,0.722675,87.642960,714.667569,0.360512,1.028904,14,6
0.800000,7,0.871390,0.716612,83.977838,669.879667,0.376107,1.029288,14,7
0.800000,7,0.879849,0.701232,84.143967,680.518539,0.375005,1.030261,14,8
0.800000,2,0.847017,0.754705,94.045799,707.703196,0.336641,1.026879,14,9
0.791143,6,0.761424,0.500000,87.679756,890.436151,0.355436,1.042989,14,10
0.800000,6,1.023425,0.734953,84.480502,670.880710,0.374286,1.028128,14,11
0.800000,6,1.005835,0.847042,84.589027,605.283028,0.376401,1.021038,14,12
0.788929,7,0.874705,0.651997,85.425817,735.275213,0.368195,1.033375,14,13
0.757876,7,0.969949,0.826978,88.650432,669.220075,0.358403,1.022307,14,14
0.800000,4,0.646618,0.762261,0.000000,0.000000,0.000000,0.000000,14,15
0.761184,7,0.880282,0.610572,88.314149,822.817183,0.355033,1.035995,14,16
0.800000,7,0.826337,0.838790,83.548291,600.626722,0.380900,1.021560,14,17
0.800000,5,0.824059,0.712186,82.549976,692.834752,0.382514,1.029568,14,18
0.791143,6,0.815712,0.848763,83.745588,616.995779,0.380175,1.020929,14,19
0.768948,7,0.758605,0.772928,0.000000,0.000000,0.000000,0.000000,14,20
0.800000,6,0.774725,0.690055,82.155140,695.665139,0.383813,1.030968,14,21
0.800000,5,0.592519,0.743785,0.000000,0.000000,0.000000,0.000000,14,22
0.800000,7,0.904289,0.714284,84.291791,672.090491,0.374640,1.029435,14,23
0.800000,6,0.572730,0.732374,0.000000,0.000000,0.000000,0.000000,14,24
0.800000,5,1.050000,0.700941,85.333912,707.855358,0.369771,1.030279,14,25
0.800000,6,1.050000,0.756929,84.828733,657.154650,0.373263,1.026738,14,26
0.788929,7,0.907645,0.785190,85.057843,644.475936,0.372817,1.024950,14,27
0.800000,7,0.917240,0.610824,85.586151,754.753615,0.366650,1.035979,14,28
0.800000,6,0.809690,0.795970,82.500047,631.159907,0.384704,1.024269,14,29
0.800000,4,0.779774,0.697755,83.835950,716.300236,0.376310,1.030481,14,30
best fit at iteration 14,83.217715
0.800000,7,0.851677,0.630609,84.708140,733.918321,0.370891,1.034728,15,1
0.800000,4,0.574171,0.714493,0.000000,0.000000,0.000000,0.000000,15,2
0.800000,7,0.886690,0.776596,83.945223,633.142460,0.377645,1.025494,15,3
0.800000,7,1.007671,0.646969,86.139865,727.405053,0.365087,1.033693,15,4
0.800000,7,0.730183,0.683324,83.507692,690.413184,0.377436,1.031393,15,5
0.800000,7,0.795949,0.953369,0.000000,0.000000,0.000000,0.000000,15,6
0.800000,7,0.990149,0.716612,85.314025,672.754295,0.370210,1.029288,15,7
0.788929,6,0.700663,0.793516,0.000000,0.000000,0.000000,0.000000,15,8
0.800000,4,0.847017,0.754705,84.708480,677.833080,0.373746,1.026879,15,9
0.800000,7,1.039775,0.718276,86.062473,673.235800,0.367023,1.029183,15,10
0.800000,7,1.023425,0.790676,85.631377,626.953109,0.370509,1.024603,15,11
0.800000,6,1.005835,0.847042,84.589027,605.283028,0.376401,1.021038,15,12
0.800000,6,0.895404,0.787427,83.077655,636.057819,0.381830,1.024809,15,13
0.800000,6,0.835766,0.817122,82.824035,620.026103,0.383717,1.022931,15,14
0.800000,5,0.908506,0.673823,83.604080,723.435694,0.376780,1.031994,15,15
0.800000,7,0.796525,0.810125,83.276224,615.007056,0.381459,1.023373,15,16
0.800000,5,0.802920,0.782756,82.774450,648.801538,0.383133,1.025104,15,17
0.800000,5,0.903904,0.712186,83.310952,694.466728,0.379013,1.029568,15,18
0.800000,7,0.815712,0.627155,84.559751,735.393754,0.371463,1.034946,15,19
0.800000,5,0.723197,0.697718,81.818142,701.370957,0.385586,1.030483,15,20
0.800000,5,0.774725,0.690055,82.163877,707.449739,0.383780,1.030968,15,21
0.800000,5,0.903244,0.654372,83.776587,739.136076,0.375556,1.033225,15,22
0.800000,6,0.904289,0.714284,83.074356,681.669253,0.380152,1.029435,15,23
0.800000,6,1.050000,0.732374,84.891755,673.534221,0.372422,1.028291,15,24
0.800000,7,0.991858,0.727946,85.291151,665.075641,0.370580,1.028571,15,25
0.800000,5,1.050000,0.756929,84.905933,667.390081,0.372925,1.026738,15,26
0.792853,7,0.590075,0.785190,0.000000,0.000000,0.000000,0.000000,15,27
0.800000,7,0.917240,0.861381,84.431142,589.618877,0.377426,1.020131,15,28
0.800000,4,0.806573,0.795970,84.827246,653.156486,0.374155,1.024269,15,29
0.800000,2,0.718786,0.697755,91.871385,754.148498,0.343379,1.030481,15,30
best fit at iteration 15,83.217715
0.800000,5,0.851677,0.709615,82.788583,695.102105,0.381329,1.029731,16,1
0.800000,3,0.917314,0.714493,89.128157,721.190640,0.354334,1.029422,16,2
0.800000,2,0.606547,0.553152,88.948052,893.011375,0.351569,1.039627,16,3
0.800000,5,0.799467,0.759220,82.554954,662.488232,0.383598,1.026593,16,4
0.800000,5,0.700106,0.683324,81.686269,711.065933,0.385862,1.031393,16,5
0.800000,7,0.795949,0.623253,84.550385,737.948731,0.371437,1.035193,16,6
0.800000,5,0.871390,0.716612,82.968377,690.630432,0.380664,1.029288,16,7
0.800000,5,0.879849,0.701232,83.089613,701.719773,0.379766,1.030261,16,8
0.800000,4,0.847017,0.782867,84.937850,660.406259,0.373373,1.025097,16,9
0.800000,6,0.845285,0.645189,83.035031,731.607838,0.378707,1.033805,16,10
0.800000,7,1.023425,0.865599,85.774907,588.161728,0.371613,1.019865,16,11
0.800000,6,1.005835,0.847042,84.589027,605.283028,0.376401,1.021038,16,12
0.800000,6,0.895404,0.787427,83.077655,636.057819,0.381830,1.024809,16,13
0.800000,7,0.835766,0.916231,84.081907,566.519778,0.380302,1.016662,16,14
0.800000,4,1.007464,0.673823,87.169618,741.967908,0.361381,1.031994,16,15
0.800000,4,0.650888,0.639248,82.468439,759.016777,0.381166,1.034181,16,16
0.800000,5,0.777146,0.782756,82.622652,648.908105,0.383825,1.025104,16,17
0.800000,2,0.824059,0.712186,93.850568,740.660353,0.336456,1.029568,16,18
0.800000,6,0.683561,0.627155,82.438547,740.549285,0.381049,1.034946,16,19
0.800000,5,0.723197,0.697718,81.818142,701.370957,0.385586,1.030483,16,20
0.800000,6,0.774725,0.690055,82.155140,695.665139,0.383813,1.030968,16,21
0.800000,5,1.050000,0.654372,86.240153,747.244623,0.364842,1.033225,16,22
0.800000,6,0.993814,0.714284,84.145166,684.290422,0.375308,1.029435,16,23
0.800000,4,0.958006,0.732374,85.710603,694.051917,0.368864,1.028291,16,24
0.800000,5,0.799267,0.700941,82.346482,700.202461,0.383192,1.030279,16,25
0.800000,6,0.821851,0.762511,82.404719,649.890167,0.384352,1.026385,16,26
0.800000,4,0.743919,0.785190,84.278454,660.185543,0.376335,1.024950,16,27
0.800000,5,0.538309,0.572128,0.000000,0.000000,0.000000,0.000000,16,28
0.800000,5,0.806573,0.690391,82.417201,707.829993,0.382595,1.030946,16,29
0.800000,6,0.993101,0.755852,84.043086,656.368554,0.376730,1.026806,16,30
best fit at iteration 16,83.217715
0.800000,5,0.769595,0.936191,0.000000,0.000000,0.000000,0.000000,17,1
0.800000,5,0.619034,0.563690,82.654993,806.426276,0.378572,1.038960,17,2
0.800000,7,0.886690,0.833940,84.020129,602.752704,0.378628,1.021867,17,3
0.800000,5,0.785192,0.805022,82.911217,636.713887,0.383005,1.023696,17,4
0.800000,5,0.684684,0.744298,81.835704,671.633458,0.386609,1.027537,17,5
0.800000,7,0.795949,0.806245,83.268887,617.004892,0.381409,1.023619,17,6
0.800000,7,0.871390,0.885318,84.133141,579.058178,0.379343,1.018617,17,7
0.800000,5,0.879849,0.701232,83.089613,701.719773,0.379766,1.030261,17,8
0.800000,4,0.752027,0.754705,83.945976,678.135591,0.377112,1.026879,17,9
0.800000,7,0.845285,0.645189,84.451474,721.612173,0.372365,1.033805,17,10
0.800000,6,1.023425,0.734953,84.480502,670.880710,0.374286,1.028128,17,11
0.800000,6,0.550926,0.593387,0.000000,0.000000,0.000000,0.000000,17,12
0.800000,6,0.895404,0.816919,83.261163,620.084493,0.381676,1.022944,17,13
0.800000,7,0.835766,0.817122,83.549099,611.257941,0.380376,1.022931,17,14
0.791066,4,1.050000,0.673823,88.639525,759.133343,0.355310,1.031994,17,15
0.800000,4,0.900057,0.639248,86.077424,767.719068,0.365192,1.034181,17,16
0.800000,5,0.726010,0.699846,81.838029,699.954347,0.385547,1.030348,17,17
0.800000,5,0.824059,0.732010,82.586089,679.605437,0.382812,1.028314,17,18
0.800000,6,0.954748,0.814734,83.800107,621.547831,0.379172,1.023082,17,19
0.800000,7,0.723197,0.901969,0.000000,0.000000,0.000000,0.000000,17,20
0.800000,6,0.667502,0.730962,0.000000,0.000000,0.000000,0.000000,17,21
0.800000,5,0.714106,0.573945,83.113407,802.038719,0.376721,1.038312,17,22
0.800000,6,0.904289,0.559827,85.848174,817.066993,0.364381,1.039205,17,23
0.800000,6,0.745539,0.732374,81.943363,667.638207,0.385820,1.028291,17,24
0.800000,5,0.589479,0.700941,0.000000,0.000000,0.000000,0.000000,17,25
0.800000,6,0.821851,0.715225,82.362538,679.348338,0.383440,1.029376,17,26
0.800000,7,0.736471,0.672447,83.641511,698.148428,0.376577,1.032081,17,27
0.800000,7,0.917240,0.861381,84.431142,589.618877,0.377426,1.020131,17,28
0.800000,5,0.738822,0.690391,81.915742,706.639895,0.384966,1.030946,17,29
0.800000,5,0.718786,0.697755,81.791238,701.296255,0.385708,1.030481,17,30
best fit at iteration 17,81.791238
0.800000,6,0.607799,0.634699,0.000000,0.000000,0.000000,0.000000,18,1
0.800000,5,0.619034,0.563690,82.654993,806.426276,0.378572,1.038960,18,2
0.800000,6,1.021605,0.833940,84.671993,612.091337,0.375712,1.021867,18,3
0.800000,4,0.746437,0.659287,83.500336,744.990067,0.376921,1.032914,18,4
0.800000,7,0.684684,0.804080,0.000000,0.000000,0.000000,0.000000,18,5
0.800000,7,0.795949,0.806245,83.268887,617.004892,0.381409,1.023619,18,6
0.800000,5,1.050000,0.736062,84.995349,681.692778,0.372045,1.028058,18,7
0.800000,4,0.879849,0.701232,84.966035,715.392279,0.371391,1.030261,18,8
0.800000,7,1.050000,0.754705,86.102469,649.228016,0.367671,1.026879,18,9
0.800000,6,0.845285,0.729563,82.517044,670.334316,0.383052,1.028469,18,10
0.800000,6,0.849454,0.734953,82.555454,666.961935,0.383022,1.028128,18,11
0.800000,2,0.705660,0.847042,0.000000,0.000000,0.000000,0.000000,18,12
0.800000,6,0.523546,0.672714,0.000000,0.000000,0.000000,0.000000,18,13
0.800000,7,0.835766,0.803666,83.529105,618.202097,0.380165,1.023782,18,14
0.791066,4,0.891311,0.672540,86.091154,753.373867,0.365831,1.032075,18,15
0.800000,4,0.718737,0.665169,83.158363,739.828151,0.378603,1.032542,18,16
0.800000,5,0.592342,0.502398,84.673248,868.205504,0.368175,1.042837,18,17
0.800000,4,0.749074,0.712186,83.577636,705.857124,0.377807,1.029568,18,18
0.800000,6,0.874388,0.627155,83.600614,748.263632,0.375751,1.034946,18,19
0.800000,7,0.723197,0.729767,83.122109,660.185543,0.380291,1.028456,18,20
0.800000,6,0.774725,0.690055,82.155140,695.665139,0.383813,1.030968,18,21
0.800000,5,0.714106,0.654372,81.868613,732.557449,0.384329,1.033225,18,22
0.800000,4,0.953911,0.714284,85.774788,707.247104,0.368178,1.029435,18,23
0.800000,3,0.745539,0.732374,87.094357,708.312235,0.362995,1.028291,18,24
0.800000,7,0.799267,0.810530,83.290309,614.777368,0.381395,1.023348,18,25
0.800000,5,0.750433,0.599287,82.873848,780.119727,0.378374,1.036709,18,26
0.800000,7,0.736471,0.944820,0.000000,0.000000,0.000000,0.000000,18,27
0.800000,5,0.825030,0.861381,83.914898,608.096651,0.379770,1.020131,18,28
0.800000,3,0.738822,0.522645,90.476721,906.369258,0.344994,1.041556,18,29
0.800000,2,0.593174,0.697755,0.000000,0.000000,0.000000,0.000000,18,30
best fit at iteration 18,81.791238
0.800000,5,0.851677,0.816552,83.431767,630.133075,0.380897,1.022967,19,1
0.800000,5,0.619034,0.563690,82.654993,806.426276,0.378572,1.038960,19,2
0.800000,6,0.886690,0.736862,82.866911,666.309506,0.381614,1.028007,19,3
0.800000,3,0.665252,0.659287,85.376778,763.180915,0.368658,1.032914,19,4
0.800000,7,0.725101,0.745292,83.045690,650.875206,0.380990,1.027474,19,5
0.800000,4,0.736256,0.806245,84.558963,648.673704,0.375573,1.023619,19,6
0.800000,5,0.552707,0.716612,0.000000,0.000000,0.000000,0.000000,19,7
0.792853,5,0.594219,0.701232,0.000000,0.000000,0.000000,0.000000,19,8
0.800000,4,1.017110,0.722957,86.445204,702.343524,0.365498,1.028887,19,9
0.800000,6,0.511268,0.729563,0.000000,0.000000,0.000000,0.000000,19,10
0.800000,5,0.731788,0.705161,81.882088,696.425455,0.385472,1.030012,19,11
0.800000,4,1.005835,0.793327,86.046130,654.043163,0.368788,1.024436,19,12
0.800000,6,0.895404,0.787427,83.077655,636.057819,0.381830,1.024809,19,13
0.800000,4,0.835766,0.817122,85.279322,640.990740,0.372653,1.022931,19,14
0.800000,4,0.646618,0.673823,82.437685,732.557449,0.382137,1.031994,19,15
0.800000,4,0.726765,0.549416,85.318516,847.240473,0.366443,1.039863,19,16
0.800000,5,0.726010,0.699846,81.838029,699.954347,0.385547,1.030348,19,17
0.800000,5,0.948144,0.712186,83.818149,695.665139,0.376732,1.029568,19,18
0.800000,6,0.829620,0.748855,82.424186,658.096069,0.383954,1.027249,19,19
0.800000,5,0.592415,0.697718,0.000000,0.000000,0.000000,0.000000,19,20
0.800000,6,0.792240,0.690055,82.257807,696.008302,0.383350,1.030968,19,21
0.800000,7,0.714106,0.817040,0.000000,0.000000,0.000000,0.000000,19,22
0.800000,6,0.823177,0.716045,82.373792,678.834724,0.383419,1.029324,19,23
0.800000,6,0.959919,0.732374,83.648265,670.812362,0.377958,1.028291,19,24
0.800000,4,0.851967,0.815470,85.343271,641.677872,0.372341,1.023035,19,25
0.800000,6,0.821851,0.715225,82.362538,679.348338,0.383440,1.029376,19,26
0.800000,3,0.666276,0.728646,86.031861,712.245317,0.367408,1.028527,19,27
0.800000,5,0.825030,0.762257,82.741223,660.715511,0.382782,1.026401,19,28
0.800000,4,0.862084,0.798899,85.198581,650.896653,0.372587,1.024083,19,29
0.800000,4,0.718786,0.642912,83.246288,757.590382,0.377706,1.033949,19,30
best fit at iteration 19,81.791238
0.800000,5,0.851677,0.684098,82.875195,713.609032,0.380358,1.031344,20,1
0.800000,5,0.733043,0.688718,81.879027,707.728552,0.385096,1.031052,20,2
0.800000,6,0.886690,0.736862,82.866911,666.309506,0.381614,1.028007,20,3
0.800000,5,0.746437,0.684704,81.963062,710.758910,0.384577,1.031306,20,4
0.800000,5,0.700601,0.683324,81.686537,711.065933,0.385852,1.031393,20,5
0.800000,7,0.883949,0.737210,83.991371,656.717697,0.376502,1.027985,20,6
0.800000,4,0.550058,0.625739,0.000000,0.000000,0.000000,0.000000,20,7
0.800000,3,0.879849,0.618042,90.470999,806.623856,0.347022,1.035522,20,8
0.800000,3,0.591796,0.754705,0.000000,0.000000,0.000000,0.000000,20,9
0.800000,6,0.935263,0.729563,83.363240,672.067625,0.379169,1.028469,20,10
0.800000,4,0.731788,0.705161,83.379617,710.656628,0.378549,1.030012,20,11
0.800000,5,1.005835,0.722209,84.487722,690.171958,0.373962,1.028934,20,12
0.800000,6,0.895404,0.787427,83.077655,636.057819,0.381830,1.024809,20,13
0.800000,6,0.793488,0.817122,82.569095,620.240254,0.384884,1.022931,20,14
0.800000,4,0.892112,0.643796,85.833186,763.180915,0.366329,1.033894,20,15
0.800000,4,0.650888,0.639248,82.468439,759.016777,0.381166,1.034181,20,16
0.800000,4,0.747654,0.613769,83.963954,783.834436,0.373798,1.035793,20,17
0.800000,5,0.824059,0.852419,83.766720,612.356985,0.380220,1.020698,20,18
0.800000,7,0.829620,0.748855,83.524748,648.972062,0.378905,1.027249,20,19
0.800000,2,0.723197,0.662021,91.879092,784.114466,0.342596,1.032741,20,20
0.800000,6,0.774725,0.728654,82.074481,670.129648,0.385119,1.028526,20,21
0.800000,5,0.714106,0.721529,81.830797,685.596683,0.386082,1.028977,20,22
0.800000,6,1.037669,0.716045,84.774022,684.598725,0.372542,1.029324,20,23
0.800000,6,0.745539,0.639160,82.454419,732.856408,0.381241,1.034187,20,24
0.800000,3,0.876580,0.734476,88.577426,705.932800,0.356973,1.028158,20,25
0.800000,6,0.955831,0.748778,83.588938,660.031129,0.378612,1.027253,20,26
0.800000,7,0.890956,0.785190,83.983309,628.329144,0.377671,1.024950,20,27
0.800000,5,0.825030,0.753367,82.692389,666.129750,0.382826,1.026963,20,28
0.800000,5,0.847512,0.690391,82.795414,708.795135,0.380844,1.030946,20,29
0.800000,5,0.964493,0.697755,84.114149,706.892772,0.375051,1.030481,20,30
best fit at iteration 20,81.791238
0.800000,5,0.851677,0.709615,82.788583,695.102105,0.381329,1.029731,21,1
0.800000,5,0.733043,0.738169,82.015105,675.191811,0.385603,1.027924,21,2
0.800000,4,0.893172,0.736862,85.041567,689.930901,0.371845,1.028007,21,3
0.800000,4,0.746437,0.684704,83.458773,725.454905,0.377691,1.031306,21,4
0.800000,6,0.684684,0.715318,81.770648,678.042482,0.386212,1.029370,21,5
0.800000,7,0.795949,0.806245,83.268887,617.004892,0.381409,1.023619,21,6
0.800000,5,0.871390,0.716612,82.968377,690.630432,0.380664,1.029288,21,7
0.800000,7,0.879849,0.701232,84.143967,680.518539,0.375005,1.030261,21,8
0.800000,4,0.752027,0.709477,83.586136,707.728552,0.377686,1.029739,21,9
0.800000,6,0.876127,0.721594,82.785236,676.093083,0.381639,1.028973,21,10
0.800000,5,0.731788,0.705161,81.882088,696.425455,0.385472,1.030012,21,11
0.800000,3,0.700736,0.592021,86.566630,824.432872,0.362087,1.037168,21,12
0.800000,7,0.807797,0.787427,83.323987,626.893419,0.380707,1.024809,21,13
0.800000,6,0.769006,0.771549,82.146982,644.630474,0.385779,1.025813,21,14
0.800000,5,0.926321,0.673823,83.842120,724.151757,0.375725,1.031994,21,15
0.800000,4,0.771660,0.639248,83.988564,762.267949,0.374291,1.034181,21,16
0.800000,5,0.785671,0.699846,82.234307,700.724073,0.383668,1.030348,21,17
0.800000,7,0.824059,0.851473,83.579576,594.641971,0.381041,1.020758,21,18
0.800000,3,0.829620,0.627397,88.958221,794.873913,0.353109,1.034931,21,19
0.800000,5,0.723197,0.697718,81.818142,701.370957,0.385586,1.030483,21,20
0.800000,6,0.762628,0.688156,82.101498,696.769369,0.384012,1.031088,21,21
0.800000,5,0.798201,0.871982,83.967907,603.655277,0.379776,1.019461,21,22
0.800000,6,0.752820,0.708395,81.990514,682.941904,0.385028,1.029808,21,23
0.800000,7,0.745539,0.732374,83.163016,658.600727,0.380152,1.028291,21,24
0.800000,7,1.047264,0.803702,86.015206,620.103959,0.369163,1.023780,21,25
0.800000,6,0.821851,0.715225,82.362538,679.348338,0.383440,1.029376,21,26
0.800000,5,0.736471,0.688294,81.894103,708.058342,0.384990,1.031079,21,27
0.800000,5,0.825030,0.678512,82.633488,717.054291,0.381321,1.031698,21,28
0.800000,7,0.754629,0.690391,83.494448,685.834720,0.377662,1.030946,21,29
0.800000,5,0.792838,0.697755,82.294814,702.318553,0.383349,1.030481,21,30
best fit at iteration 21,81.791238
0.800000,6,0.851677,0.722485,82.577427,675.053367,0.382623,1.028916,22,1
0.800000,5,0.896040,0.688718,83.331141,711.450085,0.378375,1.031052,22,2
0.800000,4,0.886690,0.647613,85.663745,759.512904,0.367139,1.033652,22,3
0.800000,7,1.012701,0.790278,85.476227,626.992910,0.371196,1.024629,22,4
0.800000,5,0.980548,0.683324,84.494715,718.802504,0.373043,1.031393,22,5
0.800000,7,0.795949,0.806245,83.268887,617.004892,0.381409,1.023619,22,6
0.800000,5,0.838213,0.819234,83.383286,628.809181,0.381182,1.022797,22,7
0.800000,3,0.616491,0.581885,84.685789,831.267585,0.369901,1.037809,22,8
0.800000,4,0.917006,0.709477,85.364335,709.992510,0.369834,1.029739,22,9
0.800000,6,0.845285,0.719242,82.533802,677.089587,0.382758,1.029122,22,10
0.800000,5,0.731788,0.745265,82.061406,670.880710,0.385576,1.027476,22,11
0.800000,5,1.005835,0.756491,84.372331,666.601816,0.375247,1.026766,22,12
0.800000,6,0.895404,0.704387,83.018201,688.320148,0.380171,1.030061,22,13
0.800000,6,0.769006,0.771549,82.146982,644.630474,0.385779,1.025813,22,14
0.800000,4,0.652289,0.712453,82.725465,705.806682,0.381697,1.029551,22,15
0.800000,4,0.650888,0.639248,82.468439,759.016777,0.381166,1.034181,22,16
0.800000,5,0.726010,0.699846,81.838029,699.954347,0.385547,1.030348,22,17
0.800000,5,0.824059,0.775365,82.835010,652.983757,0.382657,1.025572,22,18
0.800000,6,0.829620,0.748855,82.424186,658.096069,0.383954,1.027249,22,19
0.800000,6,0.723197,0.692893,81.930980,692.956277,0.384949,1.030788,22,20
0.800000,6,0.774725,0.629654,82.736673,741.605782,0.379725,1.034788,22,21
0.800000,5,0.714106,0.721529,81.830797,685.596683,0.386082,1.028977,22,22
0.800000,6,0.721841,0.676489,82.014387,704.296774,0.384174,1.031826,22,23
0.800000,6,0.583270,0.732374,0.000000,0.000000,0.000000,0.000000,22,24
0.800000,6,0.719510,0.700941,81.890610,687.529554,0.385330,1.030279,22,25
0.800000,3,0.821851,0.715225,87.943872,720.060206,0.359103,1.029376,22,26
0.800000,5,0.736471,0.688294,81.894103,708.058342,0.384990,1.031079,22,27
0.800000,5,0.684510,0.693402,81.606312,703.945391,0.386468,1.030756,22,28
0.800000,5,0.798728,0.690391,82.355784,707.677843,0.382898,1.030946,22,29
0.800000,5,0.718786,0.697755,81.791238,701.296255,0.385708,1.030481,22,30
best fit at iteration 22,81.791238
0.800000,7,0.754731,0.799235,83.052634,620.922630,0.382220,1.024062,23,1
0.800000,5,0.733043,0.688718,81.879027,707.728552,0.385096,1.031052,23,2
0.800000,6,0.886690,0.736862,82.866911,666.309506,0.381614,1.028007,23,3
0.800000,4,0.803175,0.684704,84.101570,726.361891,0.374809,1.031306,23,4
0.800000,5,0.742244,0.683324,81.939377,711.680776,0.384664,1.031393,23,5
0.800000,7,1.020881,0.739676,85.673463,658.096069,0.369173,1.027829,23,6
0.800000,5,0.871390,0.727541,82.975600,683.201730,0.380903,1.028597,23,7
0.800000,5,0.606117,0.701232,0.000000,0.000000,0.000000,0.000000,23,8
0.800000,5,0.762280,0.709477,82.082393,693.832512,0.384635,1.029739,23,9
0.800000,4,0.845285,0.729563,84.568974,694.491144,0.373767,1.028469,23,10
0.800000,6,0.656084,0.705161,0.000000,0.000000,0.000000,0.000000,23,11
0.800000,7,1.005864,0.756491,85.400850,646.952858,0.370729,1.026766,23,12
0.800000,5,0.895404,0.695999,83.282965,705.983260,0.378770,1.030592,23,13
0.800000,6,0.805369,0.771549,82.340470,644.630474,0.384875,1.025813,23,14
0.800000,4,0.646618,0.673823,82.437685,732.557449,0.382137,1.031994,23,15
0.800000,4,0.808425,0.639248,84.527982,763.593939,0.371876,1.034181,23,16
0.800000,5,0.726010,0.701465,81.833489,698.840006,0.385583,1.030246,23,17
0.800000,5,0.966810,0.739091,83.954138,677.321754,0.376741,1.027866,23,18
0.800000,5,0.774362,0.695405,82.150232,703.644485,0.383953,1.030629,23,19
0.800000,6,0.723197,0.697718,81.904570,689.690012,0.385159,1.030483,23,20
0.800000,6,0.677654,0.769067,0.000000,0.000000,0.000000,0.000000,23,21
0.800000,5,0.714106,0.721529,81.830797,685.596683,0.386082,1.028977,23,22
0.800000,6,0.824462,0.704416,82.406016,686.669156,0.382978,1.030059,23,23
0.800000,6,0.745539,0.732374,81.943363,667.638207,0.385820,1.028291,23,24
0.800000,6,0.922339,0.781802,83.298873,639.496637,0.380676,1.025165,23,25
0.800000,6,0.749067,0.732344,81.952943,667.660773,0.385758,1.028293,23,26
0.800000,5,0.879063,0.772314,83.210023,654.953966,0.380860,1.025765,23,27
0.800000,4,0.578371,0.693402,0.000000,0.000000,0.000000,0.000000,23,28
0.800000,5,0.623661,0.690391,0.000000,0.000000,0.000000,0.000000,23,29
0.800000,5,0.747161,0.678276,81.986697,715.418189,0.384331,1.031713,23,30
best fit at iteration 23,81.791238
0.800000,4,0.913744,0.727764,85.256786,696.572806,0.370714,1.028583,24,1
0.800000,4,0.612627,0.681825,0.000000,0.000000,0.000000,0.000000,24,2
0.800000,4,0.804847,0.721966,84.153115,699.409114,0.375439,1.028949,24,3
0.800000,5,0.746437,0.684704,81.963062,710.758910,0.384577,1.031306,24,4
0.800000,5,0.684684,0.683324,81.607585,710.886804,0.386235,1.031393,24,5
0.800000,7,0.795949,0.806245,83.268887,617.004892,0.381409,1.023619,24,6
0.800000,6,0.871390,0.709976,82.767886,683.840325,0.381441,1.029708,24,7
0.800000,6,0.647501,0.764321,0.000000,0.000000,0.000000,0.000000,24,8
0.800000,5,0.762280,0.709477,82.082393,693.832512,0.384635,1.029739,24,9
0.800000,6,0.762241,0.729563,82.014484,669.471010,0.385422,1.028469,24,10
0.800000,7,0.731788,0.741957,83.078852,652.832693,0.380767,1.027685,24,11
0.800000,5,0.676507,0.726957,81.689009,682.187167,0.386889,1.028634,24,12
0.800000,6,0.895404,0.704387,83.018201,688.320148,0.380171,1.030061,24,13
0.800000,6,0.769006,0.771549,82.146982,644.630474,0.385779,1.025813,24,14
0.800000,7,0.864093,0.742181,83.801770,653.350917,0.377475,1.027671,24,15
0.800000,4,0.650888,0.747132,0.000000,0.000000,0.000000,0.000000,24,16
0.800000,5,0.762636,0.701465,82.066356,699.260562,0.384489,1.030246,24,17
0.800000,5,0.646759,0.712186,0.000000,0.000000,0.000000,0.000000,24,18
0.800000,4,0.605935,0.695405,0.000000,0.000000,0.000000,0.000000,24,19
0.800000,5,0.834636,0.697718,82.651174,703.168575,0.381688,1.030483,24,20
0.800000,5,0.774725,0.666788,82.250566,724.603339,0.382843,1.032439,24,21
0.800000,6,0.908952,0.722721,83.100767,676.046806,0.380227,1.028902,24,22
0.800000,7,0.752820,0.822316,0.000000,0.000000,0.000000,0.000000,24,23
0.800000,6,0.745539,0.732374,81.943363,667.638207,0.385820,1.028291,24,24
0.800000,5,0.719510,0.700941,81.796931,699.136817,0.385748,1.030279,24,25
0.800000,6,0.716628,0.732344,81.840972,667.570518,0.386291,1.028293,24,26
0.800000,5,1.006082,0.721393,84.498629,690.775340,0.373904,1.028986,24,27
0.800000,5,0.941462,0.693402,83.853300,709.406056,0.376133,1.030756,24,28
0.800000,6,0.738822,0.752403,81.950842,655.627854,0.386254,1.027024,24,29
0.800000,5,0.718786,0.697755,81.791238,701.296255,0.385708,1.030481,24,30
best fit at iteration 24,81.791238
0.800000,4,0.679024,0.722485,83.033757,699.062590,0.380503,1.028916,25,1
0.800000,7,0.733043,0.688718,83.459547,686.740774,0.377787,1.031052,25,2
0.800000,6,0.886690,0.726500,82.875499,673.052289,0.381341,1.028662,25,3
0.800000,5,0.746437,0.684704,81.963062,710.758910,0.384577,1.031306,25,4
0.800000,5,0.684684,0.683324,81.607585,710.886804,0.386235,1.031393,25,5
0.800000,7,0.795949,0.732819,83.373394,658.534859,0.379203,1.028263,25,6
0.800000,6,0.871390,0.687371,82.870212,699.855150,0.380437,1.031137,25,7
0.800000,5,0.631726,0.701232,0.000000,0.000000,0.000000,0.000000,25,8
0.800000,5,0.978824,0.709477,84.214096,698.592857,0.374879,1.029739,25,9
0.800000,6,0.762241,0.719235,82.017083,676.000535,0.385164,1.029122,25,10
0.800000,5,0.801007,0.719319,82.369568,687.673163,0.383499,1.029117,25,11
0.800000,6,0.676507,0.701642,81.794346,686.764650,0.385797,1.030235,25,12
0.800000,6,0.895404,0.704387,83.018201,688.320148,0.380171,1.030061,25,13
0.800000,6,0.769006,0.771549,82.146982,644.630474,0.385779,1.025813,25,14
0.800000,5,0.646618,0.679181,81.445551,713.402854,0.386899,1.031655,25,15
0.800000,4,0.650888,0.639248,82.468439,759.016777,0.381166,1.034181,25,16
0.800000,5,0.567065,0.683392,0.000000,0.000000,0.000000,0.000000,25,17
0.800000,5,0.602964,0.712186,0.000000,0.000000,0.000000,0.000000,25,18
0.800000,6,0.774362,0.719689,82.072035,675.815513,0.384904,1.029093,25,19
0.800000,5,0.723197,0.636214,82.072712,747.103314,0.382927,1.034373,25,20
0.800000,6,0.981546,0.738128,83.905637,667.547958,0.376930,1.027927,25,21
0.800000,4,0.714106,0.652147,83.136613,749.968170,0.378395,1.033365,25,22
0.800000,6,0.640269,0.646786,82.151270,724.417325,0.382808,1.033704,25,23
0.800000,6,0.734241,0.723532,81.898182,673.075222,0.385819,1.028850,25,24
0.800000,5,0.827803,0.693167,82.606550,706.311425,0.381810,1.030771,25,25
0.800000,6,0.716628,0.732344,81.840972,667.570518,0.386291,1.028293,25,26
0.800000,6,0.660295,0.688294,81.824413,695.444713,0.385315,1.031079,25,27
0.800000,5,0.684510,0.693402,81.606312,703.945391,0.386468,1.030756,25,28
0.800000,5,0.561000,0.690391,0.000000,0.000000,0.000000,0.000000,25,29
0.800000,7,0.664668,0.697755,0.000000,0.000000,0.000000,0.000000,25,30
best fit at iteration 25,81.791238
0.800000,5,0.770327,0.722485,82.164827,685.287480,0.384540,1.028916,26,1
0.800000,5,0.733043,0.688718,81.879027,707.728552,0.385096,1.031052,26,2
0.800000,6,0.727294,0.782978,82.044921,638.566355,0.386547,1.025090,26,3
0.800000,5,0.746437,0.684704,81.963062,710.758910,0.384577,1.031306,26,4
0.800000,6,0.883367,0.706167,82.893969,686.764650,0.380782,1.029949,26,5
0.800000,6,0.865549,0.806245,82.951227,625.662347,0.382870,1.023619,26,6
0.800000,6,0.871390,0.646959,83.259719,731.255752,0.377730,1.033693,26,7
0.800000,5,0.748493,0.680278,81.993165,713.995938,0.384355,1.031586,26,8
0.800000,5,0.622609,0.639708,81.509376,741.800729,0.385680,1.034152,26,9
0.800000,6,0.762241,0.601164,83.178586,765.636109,0.377047,1.036590,26,10
0.800000,5,0.651949,0.705161,0.000000,0.000000,0.000000,0.000000,26,11
0.800000,5,0.629670,0.726957,0.000000,0.000000,0.000000,0.000000,26,12
0.800000,6,0.895404,0.704387,83.018201,688.320148,0.380171,1.030061,26,13
0.800000,4,0.588958,0.771549,0.000000,0.000000,0.000000,0.000000,26,14
0.800000,5,0.646618,0.679181,81.445551,713.402854,0.386899,1.031655,26,15
0.800000,5,0.650888,0.639248,81.625160,742.749074,0.385130,1.034181,26,16
0.800000,4,0.730731,0.701465,83.346247,713.222545,0.378596,1.030246,26,17
0.800000,5,0.824059,0.712186,82.549976,692.834752,0.382514,1.029568,26,18
0.800000,6,0.774362,0.666564,82.303972,712.579330,0.382564,1.032453,26,19
0.800000,5,0.757374,0.697718,82.036932,701.794565,0.384567,1.030483,26,20
0.800000,6,0.774725,0.728654,82.074481,670.129648,0.385119,1.028526,26,21
0.800000,5,0.784119,0.688627,82.236569,708.642569,0.383397,1.031058,26,22
0.800000,6,0.464682,0.708395,0.000000,0.000000,0.000000,0.000000,26,23
0.800000,5,0.752283,0.723532,82.053436,684.480114,0.385085,1.028850,26,24
0.800000,5,0.756257,0.712230,82.041872,691.912558,0.384867,1.029565,26,25
0.800000,6,0.938390,0.696148,83.525521,695.518173,0.377651,1.030582,26,26
0.800000,6,0.660295,0.732596,0.000000,0.000000,0.000000,0.000000,26,27
0.800000,5,0.663240,0.693402,81.519169,703.819982,0.386901,1.030756,26,28
0.800000,7,0.738822,0.723193,83.200484,664.270492,0.379784,1.028872,26,29
0.800000,5,0.798188,0.736578,82.412731,676.440368,0.383725,1.028025,26,30
best fit at iteration 26,81.791238
0.800000,5,0.770327,0.739596,82.240096,674.385020,0.384587,1.027834,27,1
0.800000,5,0.649646,0.688718,81.457475,706.892772,0.387067,1.031052,27,2
0.800000,6,0.727294,0.706817,81.894028,683.721976,0.385434,1.029907,27,3
0.800000,5,0.746437,0.684704,81.963062,710.758910,0.384577,1.031306,27,4
0.800000,6,0.751030,0.683324,82.075453,699.954347,0.384025,1.031393,27,5
0.800000,6,0.865549,0.686289,82.822373,700.475589,0.380628,1.031206,27,6
0.800000,5,0.656519,0.694673,81.488035,702.918355,0.387055,1.030676,27,7
0.800000,5,0.666163,0.724283,0.000000,0.000000,0.000000,0.000000,27,8
0.800000,6,0.727585,0.713989,81.885455,679.091434,0.385658,1.029454,27,9
0.800000,5,0.762241,0.649464,82.269867,737.728250,0.382350,1.033535,27,10
0.800000,5,0.729565,0.705161,81.867219,696.400903,0.385536,1.030012,27,11
0.800000,5,0.676507,0.696249,81.573226,701.969141,0.386691,1.030576,27,12
0.800000,6,0.682699,0.695812,81.817834,690.606287,0.385529,1.030604,27,13
0.800000,6,0.740563,0.744589,81.938342,660.229674,0.386126,1.027518,27,14
0.800000,5,0.694770,0.654246,81.747963,732.204449,0.384886,1.033233,27,15
0.800000,5,0.650888,0.639248,81.625160,742.749074,0.385130,1.034181,27,16
0.800000,7,0.726010,0.701465,83.327795,678.135591,0.378684,1.030246,27,17
0.800000,6,0.824059,0.712186,82.384526,681.410591,0.383268,1.029568,27,18
0.800000,5,0.618961,0.719689,0.000000,0.000000,0.000000,0.000000,27,19
0.800000,5,0.700143,0.707577,81.714086,694.588826,0.386314,1.029859,27,20
0.800000,4,0.774725,0.676233,83.787566,732.313028,0.376026,1.031842,27,21
0.800000,5,0.727839,0.721529,81.903700,685.644277,0.385740,1.028977,27,22
0.800000,6,0.802095,0.708395,82.252972,683.603669,0.383811,1.029808,27,23
0.800000,6,0.734241,0.723532,81.898182,673.075222,0.385819,1.028850,27,24
0.800000,5,0.719510,0.727630,81.885925,681.739832,0.385963,1.028591,27,25
0.800000,5,0.716628,0.627782,82.120364,753.803153,0.382523,1.034906,27,26
0.800000,6,0.777871,0.688294,82.185069,696.966044,0.383648,1.031079,27,27
0.800000,6,0.663240,0.692292,81.810165,692.810452,0.385484,1.030826,27,28
0.800000,6,0.738822,0.650870,82.287048,723.515186,0.382282,1.033446,27,29
0.800000,5,0.810671,0.703365,82.431825,698.691696,0.382831,1.030126,27,30
best fit at iteration 27,81.791238
0.800000,5,0.770327,0.722485,82.164827,685.287480,0.384540,1.028916,28,1
0.800000,5,0.631756,0.688718,0.000000,0.000000,0.000000,0.000000,28,2
0.800000,5,0.727294,0.706817,81.857087,695.273367,0.385622,1.029907,28,3
0.800000,5,0.717198,0.684704,81.782996,710.324414,0.385445,1.031306,28,4
0.800000,6,0.705109,0.683324,81.921032,699.260562,0.384752,1.031393,28,5
0.800000,5,0.865549,0.761481,83.037247,661.401313,0.381398,1.026450,28,6
0.800000,5,0.570994,0.694673,0.000000,0.000000,0.000000,0.000000,28,7
0.800000,5,0.748493,0.680278,81.993165,713.995938,0.384355,1.031586,28,8
0.800000,6,0.764375,0.639708,82.532110,733.019579,0.380875,1.034152,28,9
0.800000,6,0.704537,0.691933,81.881509,693.394118,0.385154,1.030849,28,10
0.800000,5,0.729565,0.648721,82.016155,737.342726,0.383511,1.033582,28,11
0.800000,5,0.676507,0.696249,81.573226,701.969141,0.386691,1.030576,28,12
0.800000,6,0.682699,0.695812,81.817834,690.606287,0.385529,1.030604,28,13
0.800000,6,0.740563,0.702497,81.950291,686.693027,0.385058,1.030181,28,14
0.800000,6,0.646618,0.679181,81.872456,701.495494,0.384882,1.031655,28,15
0.800000,5,0.650888,0.704891,0.000000,0.000000,0.000000,0.000000,28,16
0.800000,5,0.726010,0.708373,81.851242,694.222662,0.385679,1.029809,28,17
0.800000,5,0.824059,0.676935,82.636126,718.227525,0.381283,1.031798,28,18
0.800000,7,0.764463,0.742894,83.185286,652.272210,0.380304,1.027626,28,19
0.800000,5,0.628220,0.678906,0.000000,0.000000,0.000000,0.000000,28,20
0.800000,6,0.774725,0.728654,82.074481,670.129648,0.385119,1.028526,28,21
0.800000,5,0.714106,0.667490,81.804840,722.694604,0.384939,1.032395,28,22
0.800000,6,0.586461,0.708395,0.000000,0.000000,0.000000,0.000000,28,23
0.800000,4,0.654488,0.655135,82.478725,746.595042,0.381491,1.033176,28,24
0.800000,5,0.709309,0.671656,81.755472,719.535629,0.385247,1.032131,28,25
0.800000,6,0.788951,0.754196,82.187640,654.650084,0.385192,1.026911,28,26
0.800000,6,0.660295,0.688294,81.824413,695.444713,0.385315,1.031079,28,27
0.800000,5,0.663240,0.632018,81.739916,748.717417,0.384403,1.034638,28,28
0.800000,5,0.753150,0.732595,82.103193,678.718101,0.385079,1.028277,28,29
0.800000,5,0.718786,0.679656,81.793722,713.918523,0.385255,1.031625,28,30
best fit at iteration 28,81.791238
0.800000,5,0.770327,0.680291,82.150696,714.409100,0.383606,1.031585,29,1
0.800000,5,0.649646,0.685483,81.459479,709.100464,0.386994,1.031257,29,2
0.800000,5,0.573947,0.592810,0.000000,0.000000,0.000000,0.000000,29,3
0.800000,6,0.717198,0.684704,81.946783,698.469348,0.384666,1.031306,29,4
0.800000,7,0.718020,0.775703,0.000000,0.000000,0.000000,0.000000,29,5
0.800000,5,0.865549,0.686289,83.003469,712.348057,0.379802,1.031206,29,6
0.800000,5,0.713160,0.694673,81.756979,703.343835,0.385796,1.030676,29,7
0.800000,5,0.748493,0.688853,81.976007,707.855358,0.384629,1.031044,29,8
0.800000,6,0.622609,0.639708,82.252919,729.392645,0.382183,1.034152,29,9
0.800000,6,0.704537,0.691933,81.881509,693.394118,0.385154,1.030849,29,10
0.800000,5,0.729565,0.705161,81.867219,696.400903,0.385536,1.030012,29,11
0.800000,5,0.676507,0.676186,81.574756,715.807060,0.386219,1.031845,29,12
0.800000,4,0.700918,0.695812,83.032080,717.054291,0.379888,1.030604,29,13
0.800000,5,0.663917,0.744589,0.000000,0.000000,0.000000,0.000000,29,14
0.800000,6,0.795827,0.708732,82.210491,683.272626,0.384005,1.029786,29,15
0.800000,5,0.646984,0.684909,81.452166,709.482495,0.387025,1.031293,29,16
0.800000,6,0.740442,0.701465,81.955847,687.386005,0.385018,1.030246,29,17
0.800000,6,0.759908,0.715858,82.003143,678.135591,0.385125,1.029336,29,18
0.800000,6,0.780133,0.719689,82.105946,675.884884,0.384759,1.029093,29,19
0.800000,5,0.700143,0.706523,81.707148,695.273367,0.386308,1.029926,29,20
0.800000,6,0.682684,0.687543,81.853545,696.130942,0.385165,1.031127,29,21
0.800000,5,0.714106,0.667490,81.804840,722.694604,0.384939,1.032395,29,22
0.800000,6,0.740165,0.708395,81.933727,682.800263,0.385275,1.029808,29,23
0.800000,4,0.610965,0.723532,0.000000,0.000000,0.000000,0.000000,29,24
0.800000,5,0.709309,0.671656,81.755472,719.535629,0.385247,1.032131,29,25
0.800000,6,0.716628,0.762384,81.911935,649.975704,0.386680,1.026393,29,26
0.800000,6,0.660295,0.688294,81.824413,695.444713,0.385315,1.031079,29,27
0.800000,5,0.663240,0.672593,81.522989,718.201411,0.386387,1.032072,29,28
0.800000,5,0.738822,0.690391,81.915742,706.639895,0.384966,1.030946,29,29
0.800000,5,0.622136,0.697755,0.000000,0.000000,0.000000,0.000000,29,30
best fit at iteration 29,81.791238
0.800000,5,0.770327,0.680291,82.150696,714.409100,0.383606,1.031585,30,1
0.800000,5,0.649646,0.665670,81.482972,722.985565,0.386414,1.032510,30,2
0.800000,5,0.727294,0.673176,81.862688,718.750195,0.384778,1.032035,30,3
0.800000,5,0.759378,0.684704,82.055095,710.989152,0.384148,1.031306,30,4
0.800000,5,0.684684,0.683324,81.607585,710.886804,0.386235,1.031393,30,5
0.800000,5,0.629416,0.686289,0.000000,0.000000,0.000000,0.000000,30,6
0.800000,5,0.656519,0.687990,81.481782,707.424404,0.386930,1.031098,30,7
0.800000,5,0.739197,0.722122,81.968306,685.311255,0.385444,1.028939,30,8
0.800000,5,0.569955,0.639708,0.000000,0.000000,0.000000,0.000000,30,9
0.800000,6,0.663953,0.646791,82.160276,724.869239,0.382787,1.033704,30,10
0.800000,5,0.674119,0.705161,81.584783,696.057353,0.386856,1.030012,30,11
0.800000,5,0.622909,0.696249,0.000000,0.000000,0.000000,0.000000,30,12
0.800000,7,0.861290,0.695812,84.024375,683.887676,0.375401,1.030604,30,13
0.800000,6,0.849264,0.710848,82.577435,682.776662,0.382340,1.029653,30,14
0.800000,4,0.646618,0.679181,82.450048,728.666185,0.382177,1.031655,30,15
0.800000,6,0.646984,0.684909,0.000000,0.000000,0.000000,0.000000,30,16
0.800000,5,0.726010,0.701465,81.833489,698.840006,0.385583,1.030246,30,17
0.800000,6,0.759908,0.721879,82.004544,674.292938,0.385286,1.028955,30,18
0.800000,5,0.743528,0.719689,81.984408,686.907940,0.385311,1.029093,30,19
0.800000,6,0.629474,0.706523,0.000000,0.000000,0.000000,0.000000,30,20
0.800000,5,0.795817,0.737183,82.392100,676.023669,0.383811,1.027987,30,21
0.800000,5,0.714106,0.723384,81.836043,684.408967,0.386091,1.028860,30,22
0.800000,5,0.740165,0.717650,81.961960,688.224222,0.385384,1.029222,30,23
0.800000,6,0.753841,0.692587,82.042231,693.564538,0.384399,1.030807,30,24
0.800000,5,0.765688,0.671656,82.146643,720.690708,0.383421,1.032131,30,25
0.800000,6,0.716628,0.734428,81.844142,666.309506,0.386331,1.028161,30,26
0.800000,6,0.660295,0.688294,81.824413,695.444713,0.385315,1.031079,30,27
0.800000,6,0.623543,0.667621,0.000000,0.000000,0.000000,0.000000,30,28
0.800000,5,0.739307,0.712842,81.935893,691.355580,0.385371,1.029526,30,29
0.800000,5,0.687614,0.697755,81.633634,701.047366,0.386467,1.030481,30,30
best fit at iteration 30,81.633634
